scenario_name,scenario_role,series_id,stream,annual_period,value_status,forecast_quarter,committed_forecast_value,scenario_input_status,mismatch_status,mismatch_reason,workbook_sha256,manifest_workbook_sha256,required_feature_count,missing_required_feature_count,replay_forecast_value,promoted_forecast_value,replay_abs_delta,replay_tolerance,replay_status,replay_reason,source_artifact
current_basecase,basecase,heavy_ruc_net_km,HEAVY_RUC,FY2025,Actual anchor,,3981.873439,actual_anchor_no_workbook_replay_required,not_applicable,Annual row contains actual-anchor quarters only.,,d0644d353ee5a073602186cf7ac5c16e707d5350e16fd037b73a65528067cc6a,0,0,,,,,not_applicable,Actual-anchor row is not a promoted future forecast row.,mbu26_actual_anchor
current_basecase,basecase,heavy_ruc_net_km,HEAVY_RUC,FY2026,Current-finalist FY nowcast (3 actual + 1 forecast),2026Q2,4064.8582976485013,matched_committed_scenario_input,pass,,d0644d353ee5a073602186cf7ac5c16e707d5350e16fd037b73a65528067cc6a,d0644d353ee5a073602186cf7ac5c16e707d5350e16fd037b73a65528067cc6a,25,0,982103214.6485014,982103214.6485014,0.0,0.0009821032146485015,pass,,scenario_inputs/scenario_input_long.parquet
current_basecase,basecase,heavy_ruc_net_km,HEAVY_RUC,FY2027,current_finalist_forecast,2026Q3,4102.648453941279,matched_committed_scenario_input,pass,,d0644d353ee5a073602186cf7ac5c16e707d5350e16fd037b73a65528067cc6a,d0644d353ee5a073602186cf7ac5c16e707d5350e16fd037b73a65528067cc6a,25,0,996995005.0187113,996995005.0187112,1.1920928955078125e-07,0.0009969950050187112,pass,,scenario_inputs/scenario_input_long.parquet
current_basecase,basecase,heavy_ruc_net_km,HEAVY_RUC,FY2027,current_finalist_forecast,2026Q4,4102.648453941279,matched_committed_scenario_input,pass,,d0644d353ee5a073602186cf7ac5c16e707d5350e16fd037b73a65528067cc6a,d0644d353ee5a073602186cf7ac5c16e707d5350e16fd037b73a65528067cc6a,25,0,1066863614.1437278,1066863614.1437278,0.0,0.0010668636141437278,pass,,scenario_inputs/scenario_input_long.parquet
current_basecase,basecase,heavy_ruc_net_km,HEAVY_RUC,FY2027,current_finalist_forecast,2027Q1,4102.648453941279,matched_committed_scenario_input,pass,,d0644d353ee5a073602186cf7ac5c16e707d5350e16fd037b73a65528067cc6a,d0644d353ee5a073602186cf7ac5c16e707d5350e16fd037b73a65528067cc6a,25,0,1036733167.6228219,1036733167.622822,1.1920928955078125e-07,0.001036733167622822,pass,,scenario_inputs/scenario_input_long.parquet
current_basecase,basecase,heavy_ruc_net_km,HEAVY_RUC,FY2027,current_finalist_forecast,2027Q2,4102.648453941279,matched_committed_scenario_input,pass,,d0644d353ee5a073602186cf7ac5c16e707d5350e16fd037b73a65528067cc6a,d0644d353ee5a073602186cf7ac5c16e707d5350e16fd037b73a65528067cc6a,25,0,1002056667.156018,1002056667.156018,0.0,0.001002056667156018,pass,,scenario_inputs/scenario_input_long.parquet
current_basecase,basecase,heavy_ruc_net_km,HEAVY_RUC,FY2028,current_finalist_forecast,2027Q3,4134.717390885671,matched_committed_scenario_input,pass,,d0644d353ee5a073602186cf7ac5c16e707d5350e16fd037b73a65528067cc6a,d0644d353ee5a073602186cf7ac5c16e707d5350e16fd037b73a65528067cc6a,25,0,1014453715.7863699,1014453715.78637,1.1920928955078125e-07,0.00101445371578637,pass,,scenario_inputs/scenario_input_long.parquet
current_basecase,basecase,heavy_ruc_net_km,HEAVY_RUC,FY2028,current_finalist_forecast,2027Q4,4134.717390885671,matched_committed_scenario_input,pass,,d0644d353ee5a073602186cf7ac5c16e707d5350e16fd037b73a65528067cc6a,d0644d353ee5a073602186cf7ac5c16e707d5350e16fd037b73a65528067cc6a,25,0,1070991568.5059285,1070991568.5059284,1.1920928955078125e-07,0.0010709915685059284,pass,,scenario_inputs/scenario_input_long.parquet
current_basecase,basecase,heavy_ruc_net_km,HEAVY_RUC,FY2028,current_finalist_forecast,2028Q1,4134.717390885671,matched_committed_scenario_input,pass,,d0644d353ee5a073602186cf7ac5c16e707d5350e16fd037b73a65528067cc6a,d0644d353ee5a073602186cf7ac5c16e707d5350e16fd037b73a65528067cc6a,25,0,1038543540.3112196,1038543540.3112196,0.0,0.0010385435403112197,pass,,scenario_inputs/scenario_input_long.parquet
current_basecase,basecase,heavy_ruc_net_km,HEAVY_RUC,FY2028,current_finalist_forecast,2028Q2,4134.717390885671,matched_committed_scenario_input,pass,,d0644d353ee5a073602186cf7ac5c16e707d5350e16fd037b73a65528067cc6a,d0644d353ee5a073602186cf7ac5c16e707d5350e16fd037b73a65528067cc6a,25,0,1010728566.2821536,1010728566.2821536,0.0,0.0010107285662821536,pass,,scenario_inputs/scenario_input_long.parquet
current_basecase,basecase,heavy_ruc_net_km,HEAVY_RUC,FY2029,current_finalist_forecast,2028Q3,4171.7848863087565,matched_committed_scenario_input,pass,,d0644d353ee5a073602186cf7ac5c16e707d5350e16fd037b73a65528067cc6a,d0644d353ee5a073602186cf7ac5c16e707d5350e16fd037b73a65528067cc6a,25,0,1023718408.9729474,1023718408.9729474,0.0,0.0010237184089729474,pass,,scenario_inputs/scenario_input_long.parquet
current_basecase,basecase,heavy_ruc_net_km,HEAVY_RUC,FY2029,current_finalist_forecast,2028Q4,4171.7848863087565,matched_committed_scenario_input,pass,,d0644d353ee5a073602186cf7ac5c16e707d5350e16fd037b73a65528067cc6a,d0644d353ee5a073602186cf7ac5c16e707d5350e16fd037b73a65528067cc6a,25,0,1080649060.7788246,1080649060.7788246,0.0,0.0010806490607788246,pass,,scenario_inputs/scenario_input_long.parquet
current_basecase,basecase,heavy_ruc_net_km,HEAVY_RUC,FY2029,current_finalist_forecast,2029Q1,4171.7848863087565,matched_committed_scenario_input,pass,,d0644d353ee5a073602186cf7ac5c16e707d5350e16fd037b73a65528067cc6a,d0644d353ee5a073602186cf7ac5c16e707d5350e16fd037b73a65528067cc6a,25,0,1047581489.995369,1047581489.995369,0.0,0.0010475814899953688,pass,,scenario_inputs/scenario_input_long.parquet
current_basecase,basecase,heavy_ruc_net_km,HEAVY_RUC,FY2029,current_finalist_forecast,2029Q2,4171.7848863087565,matched_committed_scenario_input,pass,,d0644d353ee5a073602186cf7ac5c16e707d5350e16fd037b73a65528067cc6a,d0644d353ee5a073602186cf7ac5c16e707d5350e16fd037b73a65528067cc6a,25,0,1019835926.561616,1019835926.561616,0.0,0.001019835926561616,pass,,scenario_inputs/scenario_input_long.parquet
current_basecase,basecase,heavy_ruc_net_km,HEAVY_RUC,FY2030,current_finalist_forecast,2029Q3,4205.391223564057,matched_committed_scenario_input,pass,,d0644d353ee5a073602186cf7ac5c16e707d5350e16fd037b73a65528067cc6a,d0644d353ee5a073602186cf7ac5c16e707d5350e16fd037b73a65528067cc6a,25,0,1032505723.0349654,1032505723.0349654,0.0,0.0010325057230349654,pass,,scenario_inputs/scenario_input_long.parquet
current_basecase,basecase,heavy_ruc_net_km,HEAVY_RUC,FY2030,current_finalist_forecast,2029Q4,4205.391223564057,matched_committed_scenario_input,pass,,d0644d353ee5a073602186cf7ac5c16e707d5350e16fd037b73a65528067cc6a,d0644d353ee5a073602186cf7ac5c16e707d5350e16fd037b73a65528067cc6a,25,0,1089424985.3954003,1089424985.3954003,0.0,0.0010894249853954003,pass,,scenario_inputs/scenario_input_long.parquet
current_basecase,basecase,heavy_ruc_net_km,HEAVY_RUC,FY2030,current_finalist_forecast,2030Q1,4205.391223564057,matched_committed_scenario_input,pass,,d0644d353ee5a073602186cf7ac5c16e707d5350e16fd037b73a65528067cc6a,d0644d353ee5a073602186cf7ac5c16e707d5350e16fd037b73a65528067cc6a,25,0,1055840902.5556741,1055840902.555674,1.1920928955078125e-07,0.001055840902555674,pass,,scenario_inputs/scenario_input_long.parquet
current_basecase,basecase,heavy_ruc_net_km,HEAVY_RUC,FY2030,current_finalist_forecast,2030Q2,4205.391223564057,matched_committed_scenario_input,pass,,d0644d353ee5a073602186cf7ac5c16e707d5350e16fd037b73a65528067cc6a,d0644d353ee5a073602186cf7ac5c16e707d5350e16fd037b73a65528067cc6a,25,0,1027619612.5780181,1027619612.578018,1.1920928955078125e-07,0.001027619612578018,pass,,scenario_inputs/scenario_input_long.parquet
current_basecase,basecase,current_light_ruc_conventional_modelled_km,LIGHT_RUC,FY2025,Actual anchor,,13529.742736,actual_anchor_no_workbook_replay_required,not_applicable,Annual row contains actual-anchor quarters only.,,d0644d353ee5a073602186cf7ac5c16e707d5350e16fd037b73a65528067cc6a,0,0,,,,,not_applicable,Actual-anchor row is not a promoted future forecast row.,mbu26_actual_anchor
current_basecase,basecase,current_light_ruc_conventional_modelled_km,LIGHT_RUC,FY2026,Current-finalist FY nowcast (3 actual + 1 forecast),2026Q2,12805.016492073193,matched_committed_scenario_input,pass,,d0644d353ee5a073602186cf7ac5c16e707d5350e16fd037b73a65528067cc6a,d0644d353ee5a073602186cf7ac5c16e707d5350e16fd037b73a65528067cc6a,19,0,3178078226.073193,3178078226.073193,0.0,0.003178078226073193,pass,,scenario_inputs/scenario_input_long.parquet
current_basecase,basecase,current_light_ruc_conventional_modelled_km,LIGHT_RUC,FY2027,current_finalist_forecast,2026Q3,12884.412921103954,matched_committed_scenario_input,pass,,d0644d353ee5a073602186cf7ac5c16e707d5350e16fd037b73a65528067cc6a,d0644d353ee5a073602186cf7ac5c16e707d5350e16fd037b73a65528067cc6a,19,0,3052255206.937117,3052255206.937117,0.0,0.003052255206937117,pass,,scenario_inputs/scenario_input_long.parquet
current_basecase,basecase,current_light_ruc_conventional_modelled_km,LIGHT_RUC,FY2027,current_finalist_forecast,2026Q4,12884.412921103954,matched_committed_scenario_input,pass,,d0644d353ee5a073602186cf7ac5c16e707d5350e16fd037b73a65528067cc6a,d0644d353ee5a073602186cf7ac5c16e707d5350e16fd037b73a65528067cc6a,19,0,3262795878.3925853,3262795878.3925853,0.0,0.0032627958783925854,pass,,scenario_inputs/scenario_input_long.parquet
current_basecase,basecase,current_light_ruc_conventional_modelled_km,LIGHT_RUC,FY2027,current_finalist_forecast,2027Q1,12884.412921103954,matched_committed_scenario_input,pass,,d0644d353ee5a073602186cf7ac5c16e707d5350e16fd037b73a65528067cc6a,d0644d353ee5a073602186cf7ac5c16e707d5350e16fd037b73a65528067cc6a,19,0,3270598734.6146383,3270598734.6146383,0.0,0.003270598734614638,pass,,scenario_inputs/scenario_input_long.parquet
current_basecase,basecase,current_light_ruc_conventional_modelled_km,LIGHT_RUC,FY2027,current_finalist_forecast,2027Q2,12884.412921103954,matched_committed_scenario_input,pass,,d0644d353ee5a073602186cf7ac5c16e707d5350e16fd037b73a65528067cc6a,d0644d353ee5a073602186cf7ac5c16e707d5350e16fd037b73a65528067cc6a,19,0,3298763101.1596136,3298763101.1596136,0.0,0.0032987631011596134,pass,,scenario_inputs/scenario_input_long.parquet
current_basecase,basecase,current_light_ruc_conventional_modelled_km,LIGHT_RUC,FY2028,current_finalist_forecast,2027Q3,13372.423680284688,matched_committed_scenario_input,pass,,d0644d353ee5a073602186cf7ac5c16e707d5350e16fd037b73a65528067cc6a,d0644d353ee5a073602186cf7ac5c16e707d5350e16fd037b73a65528067cc6a,19,0,3169316022.0669727,3169316022.0669727,0.0,0.0031693160220669725,pass,,scenario_inputs/scenario_input_long.parquet
current_basecase,basecase,current_light_ruc_conventional_modelled_km,LIGHT_RUC,FY2028,current_finalist_forecast,2027Q4,13372.423680284688,matched_committed_scenario_input,pass,,d0644d353ee5a073602186cf7ac5c16e707d5350e16fd037b73a65528067cc6a,d0644d353ee5a073602186cf7ac5c16e707d5350e16fd037b73a65528067cc6a,19,0,3389166782.9990306,3389166782.9990306,0.0,0.0033891667829990305,pass,,scenario_inputs/scenario_input_long.parquet
current_basecase,basecase,current_light_ruc_conventional_modelled_km,LIGHT_RUC,FY2028,current_finalist_forecast,2028Q1,13372.423680284688,matched_committed_scenario_input,pass,,d0644d353ee5a073602186cf7ac5c16e707d5350e16fd037b73a65528067cc6a,d0644d353ee5a073602186cf7ac5c16e707d5350e16fd037b73a65528067cc6a,19,0,3394003072.696928,3394003072.696928,0.0,0.003394003072696928,pass,,scenario_inputs/scenario_input_long.parquet
current_basecase,basecase,current_light_ruc_conventional_modelled_km,LIGHT_RUC,FY2028,current_finalist_forecast,2028Q2,13372.423680284688,matched_committed_scenario_input,pass,,d0644d353ee5a073602186cf7ac5c16e707d5350e16fd037b73a65528067cc6a,d0644d353ee5a073602186cf7ac5c16e707d5350e16fd037b73a65528067cc6a,19,0,3419937802.5217576,3419937802.5217576,0.0,0.0034199378025217574,pass,,scenario_inputs/scenario_input_long.parquet
current_basecase,basecase,current_light_ruc_conventional_modelled_km,LIGHT_RUC,FY2029,current_finalist_forecast,2028Q3,13833.483861200531,matched_committed_scenario_input,pass,,d0644d353ee5a073602186cf7ac5c16e707d5350e16fd037b73a65528067cc6a,d0644d353ee5a073602186cf7ac5c16e707d5350e16fd037b73a65528067cc6a,19,0,3282577017.994457,3282577017.994457,0.0,0.0032825770179944567,pass,,scenario_inputs/scenario_input_long.parquet
current_basecase,basecase,current_light_ruc_conventional_modelled_km,LIGHT_RUC,FY2029,current_finalist_forecast,2028Q4,13833.483861200531,matched_committed_scenario_input,pass,,d0644d353ee5a073602186cf7ac5c16e707d5350e16fd037b73a65528067cc6a,d0644d353ee5a073602186cf7ac5c16e707d5350e16fd037b73a65528067cc6a,19,0,3506911512.904078,3506911512.904078,0.0,0.003506911512904078,pass,,scenario_inputs/scenario_input_long.parquet
current_basecase,basecase,current_light_ruc_conventional_modelled_km,LIGHT_RUC,FY2029,current_finalist_forecast,2029Q1,13833.483861200531,matched_committed_scenario_input,pass,,d0644d353ee5a073602186cf7ac5c16e707d5350e16fd037b73a65528067cc6a,d0644d353ee5a073602186cf7ac5c16e707d5350e16fd037b73a65528067cc6a,19,0,3509702078.6991105,3509702078.6991105,0.0,0.0035097020786991106,pass,,scenario_inputs/scenario_input_long.parquet
current_basecase,basecase,current_light_ruc_conventional_modelled_km,LIGHT_RUC,FY2029,current_finalist_forecast,2029Q2,13833.483861200531,matched_committed_scenario_input,pass,,d0644d353ee5a073602186cf7ac5c16e707d5350e16fd037b73a65528067cc6a,d0644d353ee5a073602186cf7ac5c16e707d5350e16fd037b73a65528067cc6a,19,0,3534293251.602885,3534293251.602885,0.0,0.0035342932516028848,pass,,scenario_inputs/scenario_input_long.parquet
current_basecase,basecase,current_light_ruc_conventional_modelled_km,LIGHT_RUC,FY2030,current_finalist_forecast,2029Q3,14129.750867690173,matched_committed_scenario_input,pass,,d0644d353ee5a073602186cf7ac5c16e707d5350e16fd037b73a65528067cc6a,d0644d353ee5a073602186cf7ac5c16e707d5350e16fd037b73a65528067cc6a,19,0,3390204148.1028075,3390204148.1028075,0.0,0.0033902041481028073,pass,,scenario_inputs/scenario_input_long.parquet
current_basecase,basecase,current_light_ruc_conventional_modelled_km,LIGHT_RUC,FY2030,current_finalist_forecast,2029Q4,14129.750867690173,matched_committed_scenario_input,pass,,d0644d353ee5a073602186cf7ac5c16e707d5350e16fd037b73a65528067cc6a,d0644d353ee5a073602186cf7ac5c16e707d5350e16fd037b73a65528067cc6a,19,0,3572810734.6569395,3572810734.6569395,0.0,0.0035728107346569395,pass,,scenario_inputs/scenario_input_long.parquet
current_basecase,basecase,current_light_ruc_conventional_modelled_km,LIGHT_RUC,FY2030,current_finalist_forecast,2030Q1,14129.750867690173,matched_committed_scenario_input,pass,,d0644d353ee5a073602186cf7ac5c16e707d5350e16fd037b73a65528067cc6a,d0644d353ee5a073602186cf7ac5c16e707d5350e16fd037b73a65528067cc6a,19,0,3571388279.4264145,3571388279.4264145,0.0,0.0035713882794264143,pass,,scenario_inputs/scenario_input_long.parquet
current_basecase,basecase,current_light_ruc_conventional_modelled_km,LIGHT_RUC,FY2030,current_finalist_forecast,2030Q2,14129.750867690173,matched_committed_scenario_input,pass,,d0644d353ee5a073602186cf7ac5c16e707d5350e16fd037b73a65528067cc6a,d0644d353ee5a073602186cf7ac5c16e707d5350e16fd037b73a65528067cc6a,19,0,3595347705.5040107,3595347705.5040107,0.0,0.0035953477055040107,pass,,scenario_inputs/scenario_input_long.parquet
current_basecase,basecase,ped_vkt_per_capita,PED,FY2025,Actual anchor,,5973.0514101063,actual_anchor_no_workbook_replay_required,not_applicable,Annual row contains actual-anchor quarters only.,,d0644d353ee5a073602186cf7ac5c16e707d5350e16fd037b73a65528067cc6a,0,0,,,,,not_applicable,Actual-anchor row is not a promoted future forecast row.,mbu26_actual_anchor
current_basecase,basecase,ped_vkt_per_capita,PED,FY2026,Current-finalist FY nowcast (2 actual + 2 forecast),2026Q1,6169.513389534369,matched_committed_scenario_input,pass,,d0644d353ee5a073602186cf7ac5c16e707d5350e16fd037b73a65528067cc6a,d0644d353ee5a073602186cf7ac5c16e707d5350e16fd037b73a65528067cc6a,20,0,1529.8881193068491,1529.8881193068491,0.0,1e-06,pass,,scenario_inputs/scenario_input_long.parquet
current_basecase,basecase,ped_vkt_per_capita,PED,FY2026,Current-finalist FY nowcast (2 actual + 2 forecast),2026Q2,6169.513389534369,matched_committed_scenario_input,pass,,d0644d353ee5a073602186cf7ac5c16e707d5350e16fd037b73a65528067cc6a,d0644d353ee5a073602186cf7ac5c16e707d5350e16fd037b73a65528067cc6a,20,0,1529.4019970974282,1529.4019970974282,0.0,1e-06,pass,,scenario_inputs/scenario_input_long.parquet
current_basecase,basecase,ped_vkt_per_capita,PED,FY2027,current_finalist_forecast,2026Q3,6141.008454644322,matched_committed_scenario_input,pass,,d0644d353ee5a073602186cf7ac5c16e707d5350e16fd037b73a65528067cc6a,d0644d353ee5a073602186cf7ac5c16e707d5350e16fd037b73a65528067cc6a,20,0,1537.67393490705,1537.67393490705,0.0,1e-06,pass,,scenario_inputs/scenario_input_long.parquet
current_basecase,basecase,ped_vkt_per_capita,PED,FY2027,current_finalist_forecast,2026Q4,6141.008454644322,matched_committed_scenario_input,pass,,d0644d353ee5a073602186cf7ac5c16e707d5350e16fd037b73a65528067cc6a,d0644d353ee5a073602186cf7ac5c16e707d5350e16fd037b73a65528067cc6a,20,0,1547.5834747893223,1547.5834747893225,2.2737367544323206e-13,1e-06,pass,,scenario_inputs/scenario_input_long.parquet
current_basecase,basecase,ped_vkt_per_capita,PED,FY2027,current_finalist_forecast,2027Q1,6141.008454644322,matched_committed_scenario_input,pass,,d0644d353ee5a073602186cf7ac5c16e707d5350e16fd037b73a65528067cc6a,d0644d353ee5a073602186cf7ac5c16e707d5350e16fd037b73a65528067cc6a,20,0,1531.4418782380003,1531.4418782380003,0.0,1e-06,pass,,scenario_inputs/scenario_input_long.parquet
current_basecase,basecase,ped_vkt_per_capita,PED,FY2027,current_finalist_forecast,2027Q2,6141.008454644322,matched_committed_scenario_input,pass,,d0644d353ee5a073602186cf7ac5c16e707d5350e16fd037b73a65528067cc6a,d0644d353ee5a073602186cf7ac5c16e707d5350e16fd037b73a65528067cc6a,20,0,1524.3091667099493,1524.3091667099493,0.0,1e-06,pass,,scenario_inputs/scenario_input_long.parquet
current_basecase,basecase,ped_vkt_per_capita,PED,FY2028,current_finalist_forecast,2027Q3,6138.046444659734,matched_committed_scenario_input,pass,,d0644d353ee5a073602186cf7ac5c16e707d5350e16fd037b73a65528067cc6a,d0644d353ee5a073602186cf7ac5c16e707d5350e16fd037b73a65528067cc6a,20,0,1531.3876310781338,1531.3876310781338,0.0,1e-06,pass,,scenario_inputs/scenario_input_long.parquet
current_basecase,basecase,ped_vkt_per_capita,PED,FY2028,current_finalist_forecast,2027Q4,6138.046444659734,matched_committed_scenario_input,pass,,d0644d353ee5a073602186cf7ac5c16e707d5350e16fd037b73a65528067cc6a,d0644d353ee5a073602186cf7ac5c16e707d5350e16fd037b73a65528067cc6a,20,0,1546.534628746646,1546.534628746646,0.0,1e-06,pass,,scenario_inputs/scenario_input_long.parquet
current_basecase,basecase,ped_vkt_per_capita,PED,FY2028,current_finalist_forecast,2028Q1,6138.046444659734,matched_committed_scenario_input,pass,,d0644d353ee5a073602186cf7ac5c16e707d5350e16fd037b73a65528067cc6a,d0644d353ee5a073602186cf7ac5c16e707d5350e16fd037b73a65528067cc6a,20,0,1532.9252976404525,1532.9252976404523,2.2737367544323206e-13,1e-06,pass,,scenario_inputs/scenario_input_long.parquet
current_basecase,basecase,ped_vkt_per_capita,PED,FY2028,current_finalist_forecast,2028Q2,6138.046444659734,matched_committed_scenario_input,pass,,d0644d353ee5a073602186cf7ac5c16e707d5350e16fd037b73a65528067cc6a,d0644d353ee5a073602186cf7ac5c16e707d5350e16fd037b73a65528067cc6a,20,0,1527.1988871945018,1527.1988871945018,0.0,1e-06,pass,,scenario_inputs/scenario_input_long.parquet
current_basecase,basecase,ped_vkt_per_capita,PED,FY2029,current_finalist_forecast,2028Q3,6133.5092934732065,matched_committed_scenario_input,pass,,d0644d353ee5a073602186cf7ac5c16e707d5350e16fd037b73a65528067cc6a,d0644d353ee5a073602186cf7ac5c16e707d5350e16fd037b73a65528067cc6a,20,0,1532.9817988397829,1532.9817988397829,0.0,1e-06,pass,,scenario_inputs/scenario_input_long.parquet
current_basecase,basecase,ped_vkt_per_capita,PED,FY2029,current_finalist_forecast,2028Q4,6133.5092934732065,matched_committed_scenario_input,pass,,d0644d353ee5a073602186cf7ac5c16e707d5350e16fd037b73a65528067cc6a,d0644d353ee5a073602186cf7ac5c16e707d5350e16fd037b73a65528067cc6a,20,0,1546.3376916124976,1546.3376916124976,0.0,1e-06,pass,,scenario_inputs/scenario_input_long.parquet
current_basecase,basecase,ped_vkt_per_capita,PED,FY2029,current_finalist_forecast,2029Q1,6133.5092934732065,matched_committed_scenario_input,pass,,d0644d353ee5a073602186cf7ac5c16e707d5350e16fd037b73a65528067cc6a,d0644d353ee5a073602186cf7ac5c16e707d5350e16fd037b73a65528067cc6a,20,0,1532.0090305007263,1532.0090305007263,0.0,1e-06,pass,,scenario_inputs/scenario_input_long.parquet
current_basecase,basecase,ped_vkt_per_capita,PED,FY2029,current_finalist_forecast,2029Q2,6133.5092934732065,matched_committed_scenario_input,pass,,d0644d353ee5a073602186cf7ac5c16e707d5350e16fd037b73a65528067cc6a,d0644d353ee5a073602186cf7ac5c16e707d5350e16fd037b73a65528067cc6a,20,0,1522.1807725201995,1522.1807725201995,0.0,1e-06,pass,,scenario_inputs/scenario_input_long.parquet
current_basecase,basecase,ped_vkt_per_capita,PED,FY2030,current_finalist_forecast,2029Q3,6114.208933600386,matched_committed_scenario_input,pass,,d0644d353ee5a073602186cf7ac5c16e707d5350e16fd037b73a65528067cc6a,d0644d353ee5a073602186cf7ac5c16e707d5350e16fd037b73a65528067cc6a,20,0,1527.7729389588642,1527.7729389588642,0.0,1e-06,pass,,scenario_inputs/scenario_input_long.parquet
current_basecase,basecase,ped_vkt_per_capita,PED,FY2030,current_finalist_forecast,2029Q4,6114.208933600386,matched_committed_scenario_input,pass,,d0644d353ee5a073602186cf7ac5c16e707d5350e16fd037b73a65528067cc6a,d0644d353ee5a073602186cf7ac5c16e707d5350e16fd037b73a65528067cc6a,20,0,1540.3025977253524,1540.3025977253524,0.0,1e-06,pass,,scenario_inputs/scenario_input_long.parquet
current_basecase,basecase,ped_vkt_per_capita,PED,FY2030,current_finalist_forecast,2030Q1,6114.208933600386,matched_committed_scenario_input,pass,,d0644d353ee5a073602186cf7ac5c16e707d5350e16fd037b73a65528067cc6a,d0644d353ee5a073602186cf7ac5c16e707d5350e16fd037b73a65528067cc6a,20,0,1526.0933810060255,1526.0933810060255,0.0,1e-06,pass,,scenario_inputs/scenario_input_long.parquet
current_basecase,basecase,ped_vkt_per_capita,PED,FY2030,current_finalist_forecast,2030Q2,6114.208933600386,matched_committed_scenario_input,pass,,d0644d353ee5a073602186cf7ac5c16e707d5350e16fd037b73a65528067cc6a,d0644d353ee5a073602186cf7ac5c16e707d5350e16fd037b73a65528067cc6a,20,0,1520.0400159101446,1520.0400159101446,0.0,1e-06,pass,,scenario_inputs/scenario_input_long.parquet
current_comparison_1,comparison,heavy_ruc_net_km,HEAVY_RUC,FY2025,Actual anchor,,3981.873439,actual_anchor_no_workbook_replay_required,not_applicable,Annual row contains actual-anchor quarters only.,,6213ce565cf1f4a058a3ea9f1af4d5476a8b0423a4d8747905c3cba128380ce1,0,0,,,,,not_applicable,Actual-anchor row is not a promoted future forecast row.,mbu26_actual_anchor
current_comparison_1,comparison,heavy_ruc_net_km,HEAVY_RUC,FY2026,Current-finalist FY nowcast (3 actual + 1 forecast),2026Q2,4066.201179575919,matched_committed_scenario_input,pass,,6213ce565cf1f4a058a3ea9f1af4d5476a8b0423a4d8747905c3cba128380ce1,6213ce565cf1f4a058a3ea9f1af4d5476a8b0423a4d8747905c3cba128380ce1,25,0,983446096.5759192,983446096.5759192,0.0,0.0009834460965759192,pass,,scenario_inputs/scenario_input_long.parquet
current_comparison_1,comparison,heavy_ruc_net_km,HEAVY_RUC,FY2027,current_finalist_forecast,2026Q3,4110.916527916741,matched_committed_scenario_input,pass,,6213ce565cf1f4a058a3ea9f1af4d5476a8b0423a4d8747905c3cba128380ce1,6213ce565cf1f4a058a3ea9f1af4d5476a8b0423a4d8747905c3cba128380ce1,25,0,998572817.459344,998572817.459344,0.0,0.000998572817459344,pass,,scenario_inputs/scenario_input_long.parquet
current_comparison_1,comparison,heavy_ruc_net_km,HEAVY_RUC,FY2027,current_finalist_forecast,2026Q4,4110.916527916741,matched_committed_scenario_input,pass,,6213ce565cf1f4a058a3ea9f1af4d5476a8b0423a4d8747905c3cba128380ce1,6213ce565cf1f4a058a3ea9f1af4d5476a8b0423a4d8747905c3cba128380ce1,25,0,1068931578.8238242,1068931578.8238242,0.0,0.0010689315788238241,pass,,scenario_inputs/scenario_input_long.parquet
current_comparison_1,comparison,heavy_ruc_net_km,HEAVY_RUC,FY2027,current_finalist_forecast,2027Q1,4110.916527916741,matched_committed_scenario_input,pass,,6213ce565cf1f4a058a3ea9f1af4d5476a8b0423a4d8747905c3cba128380ce1,6213ce565cf1f4a058a3ea9f1af4d5476a8b0423a4d8747905c3cba128380ce1,25,0,1039190267.4056714,1039190267.4056714,0.0,0.0010391902674056713,pass,,scenario_inputs/scenario_input_long.parquet
current_comparison_1,comparison,heavy_ruc_net_km,HEAVY_RUC,FY2027,current_finalist_forecast,2027Q2,4110.916527916741,matched_committed_scenario_input,pass,,6213ce565cf1f4a058a3ea9f1af4d5476a8b0423a4d8747905c3cba128380ce1,6213ce565cf1f4a058a3ea9f1af4d5476a8b0423a4d8747905c3cba128380ce1,25,0,1004221864.2279018,1004221864.2279018,0.0,0.0010042218642279017,pass,,scenario_inputs/scenario_input_long.parquet
current_comparison_1,comparison,heavy_ruc_net_km,HEAVY_RUC,FY2028,current_finalist_forecast,2027Q3,4142.5615822042155,matched_committed_scenario_input,pass,,6213ce565cf1f4a058a3ea9f1af4d5476a8b0423a4d8747905c3cba128380ce1,6213ce565cf1f4a058a3ea9f1af4d5476a8b0423a4d8747905c3cba128380ce1,25,0,1016484405.1820228,1016484405.1820228,0.0,0.0010164844051820227,pass,,scenario_inputs/scenario_input_long.parquet
current_comparison_1,comparison,heavy_ruc_net_km,HEAVY_RUC,FY2028,current_finalist_forecast,2027Q4,4142.5615822042155,matched_committed_scenario_input,pass,,6213ce565cf1f4a058a3ea9f1af4d5476a8b0423a4d8747905c3cba128380ce1,6213ce565cf1f4a058a3ea9f1af4d5476a8b0423a4d8747905c3cba128380ce1,25,0,1073110469.6167307,1073110469.6167308,1.1920928955078125e-07,0.0010731104696167309,pass,,scenario_inputs/scenario_input_long.parquet
current_comparison_1,comparison,heavy_ruc_net_km,HEAVY_RUC,FY2028,current_finalist_forecast,2028Q1,4142.5615822042155,matched_committed_scenario_input,pass,,6213ce565cf1f4a058a3ea9f1af4d5476a8b0423a4d8747905c3cba128380ce1,6213ce565cf1f4a058a3ea9f1af4d5476a8b0423a4d8747905c3cba128380ce1,25,0,1040587473.1621116,1040587473.1621116,0.0,0.0010405874731621116,pass,,scenario_inputs/scenario_input_long.parquet
current_comparison_1,comparison,heavy_ruc_net_km,HEAVY_RUC,FY2028,current_finalist_forecast,2028Q2,4142.5615822042155,matched_committed_scenario_input,pass,,6213ce565cf1f4a058a3ea9f1af4d5476a8b0423a4d8747905c3cba128380ce1,6213ce565cf1f4a058a3ea9f1af4d5476a8b0423a4d8747905c3cba128380ce1,25,0,1012379234.2433499,1012379234.24335,1.1920928955078125e-07,0.00101237923424335,pass,,scenario_inputs/scenario_input_long.parquet
current_comparison_1,comparison,heavy_ruc_net_km,HEAVY_RUC,FY2029,current_finalist_forecast,2028Q3,4176.882628191386,matched_committed_scenario_input,pass,,6213ce565cf1f4a058a3ea9f1af4d5476a8b0423a4d8747905c3cba128380ce1,6213ce565cf1f4a058a3ea9f1af4d5476a8b0423a4d8747905c3cba128380ce1,25,0,1025119449.5666745,1025119449.5666744,1.1920928955078125e-07,0.0010251194495666744,pass,,scenario_inputs/scenario_input_long.parquet
current_comparison_1,comparison,heavy_ruc_net_km,HEAVY_RUC,FY2029,current_finalist_forecast,2028Q4,4176.882628191386,matched_committed_scenario_input,pass,,6213ce565cf1f4a058a3ea9f1af4d5476a8b0423a4d8747905c3cba128380ce1,6213ce565cf1f4a058a3ea9f1af4d5476a8b0423a4d8747905c3cba128380ce1,25,0,1081989058.0842164,1081989058.0842164,0.0,0.0010819890580842163,pass,,scenario_inputs/scenario_input_long.parquet
current_comparison_1,comparison,heavy_ruc_net_km,HEAVY_RUC,FY2029,current_finalist_forecast,2029Q1,4176.882628191386,matched_committed_scenario_input,pass,,6213ce565cf1f4a058a3ea9f1af4d5476a8b0423a4d8747905c3cba128380ce1,6213ce565cf1f4a058a3ea9f1af4d5476a8b0423a4d8747905c3cba128380ce1,25,0,1048800549.4963421,1048800549.496342,1.1920928955078125e-07,0.001048800549496342,pass,,scenario_inputs/scenario_input_long.parquet
current_comparison_1,comparison,heavy_ruc_net_km,HEAVY_RUC,FY2029,current_finalist_forecast,2029Q2,4176.882628191386,matched_committed_scenario_input,pass,,6213ce565cf1f4a058a3ea9f1af4d5476a8b0423a4d8747905c3cba128380ce1,6213ce565cf1f4a058a3ea9f1af4d5476a8b0423a4d8747905c3cba128380ce1,25,0,1020973571.044153,1020973571.044153,0.0,0.001020973571044153,pass,,scenario_inputs/scenario_input_long.parquet
current_comparison_1,comparison,heavy_ruc_net_km,HEAVY_RUC,FY2030,current_finalist_forecast,2029Q3,4210.847871284816,matched_committed_scenario_input,pass,,6213ce565cf1f4a058a3ea9f1af4d5476a8b0423a4d8747905c3cba128380ce1,6213ce565cf1f4a058a3ea9f1af4d5476a8b0423a4d8747905c3cba128380ce1,25,0,1033696637.4149587,1033696637.4149588,1.1920928955078125e-07,0.0010336966374149589,pass,,scenario_inputs/scenario_input_long.parquet
current_comparison_1,comparison,heavy_ruc_net_km,HEAVY_RUC,FY2030,current_finalist_forecast,2029Q4,4210.847871284816,matched_committed_scenario_input,pass,,6213ce565cf1f4a058a3ea9f1af4d5476a8b0423a4d8747905c3cba128380ce1,6213ce565cf1f4a058a3ea9f1af4d5476a8b0423a4d8747905c3cba128380ce1,25,0,1090777610.8979516,1090777610.8979516,0.0,0.0010907776108979516,pass,,scenario_inputs/scenario_input_long.parquet
current_comparison_1,comparison,heavy_ruc_net_km,HEAVY_RUC,FY2030,current_finalist_forecast,2030Q1,4210.847871284816,matched_committed_scenario_input,pass,,6213ce565cf1f4a058a3ea9f1af4d5476a8b0423a4d8747905c3cba128380ce1,6213ce565cf1f4a058a3ea9f1af4d5476a8b0423a4d8747905c3cba128380ce1,25,0,1057235549.4740605,1057235549.4740604,1.1920928955078125e-07,0.0010572355494740606,pass,,scenario_inputs/scenario_input_long.parquet
current_comparison_1,comparison,heavy_ruc_net_km,HEAVY_RUC,FY2030,current_finalist_forecast,2030Q2,4210.847871284816,matched_committed_scenario_input,pass,,6213ce565cf1f4a058a3ea9f1af4d5476a8b0423a4d8747905c3cba128380ce1,6213ce565cf1f4a058a3ea9f1af4d5476a8b0423a4d8747905c3cba128380ce1,25,0,1029138073.4978458,1029138073.4978458,0.0,0.0010291380734978458,pass,,scenario_inputs/scenario_input_long.parquet
current_comparison_1,comparison,current_light_ruc_conventional_modelled_km,LIGHT_RUC,FY2025,Actual anchor,,13529.742736,actual_anchor_no_workbook_replay_required,not_applicable,Annual row contains actual-anchor quarters only.,,6213ce565cf1f4a058a3ea9f1af4d5476a8b0423a4d8747905c3cba128380ce1,0,0,,,,,not_applicable,Actual-anchor row is not a promoted future forecast row.,mbu26_actual_anchor
current_comparison_1,comparison,current_light_ruc_conventional_modelled_km,LIGHT_RUC,FY2026,Current-finalist FY nowcast (3 actual + 1 forecast),2026Q2,12813.447752201508,matched_committed_scenario_input,pass,,6213ce565cf1f4a058a3ea9f1af4d5476a8b0423a4d8747905c3cba128380ce1,6213ce565cf1f4a058a3ea9f1af4d5476a8b0423a4d8747905c3cba128380ce1,19,0,3186509486.201508,3186509486.201508,0.0,0.003186509486201508,pass,,scenario_inputs/scenario_input_long.parquet
current_comparison_1,comparison,current_light_ruc_conventional_modelled_km,LIGHT_RUC,FY2027,current_finalist_forecast,2026Q3,12961.948272829242,matched_committed_scenario_input,pass,,6213ce565cf1f4a058a3ea9f1af4d5476a8b0423a4d8747905c3cba128380ce1,6213ce565cf1f4a058a3ea9f1af4d5476a8b0423a4d8747905c3cba128380ce1,19,0,3064409447.4256234,3064409447.4256234,0.0,0.003064409447425623,pass,,scenario_inputs/scenario_input_long.parquet
current_comparison_1,comparison,current_light_ruc_conventional_modelled_km,LIGHT_RUC,FY2027,current_finalist_forecast,2026Q4,12961.948272829242,matched_committed_scenario_input,pass,,6213ce565cf1f4a058a3ea9f1af4d5476a8b0423a4d8747905c3cba128380ce1,6213ce565cf1f4a058a3ea9f1af4d5476a8b0423a4d8747905c3cba128380ce1,19,0,3280130864.744752,3280130864.744752,0.0,0.003280130864744752,pass,,scenario_inputs/scenario_input_long.parquet
current_comparison_1,comparison,current_light_ruc_conventional_modelled_km,LIGHT_RUC,FY2027,current_finalist_forecast,2027Q1,12961.948272829242,matched_committed_scenario_input,pass,,6213ce565cf1f4a058a3ea9f1af4d5476a8b0423a4d8747905c3cba128380ce1,6213ce565cf1f4a058a3ea9f1af4d5476a8b0423a4d8747905c3cba128380ce1,19,0,3292329442.483258,3292329442.483258,0.0,0.0032923294424832576,pass,,scenario_inputs/scenario_input_long.parquet
current_comparison_1,comparison,current_light_ruc_conventional_modelled_km,LIGHT_RUC,FY2027,current_finalist_forecast,2027Q2,12961.948272829242,matched_committed_scenario_input,pass,,6213ce565cf1f4a058a3ea9f1af4d5476a8b0423a4d8747905c3cba128380ce1,6213ce565cf1f4a058a3ea9f1af4d5476a8b0423a4d8747905c3cba128380ce1,19,0,3325078518.1756096,3325078518.1756096,0.0,0.0033250785181756096,pass,,scenario_inputs/scenario_input_long.parquet
current_comparison_1,comparison,current_light_ruc_conventional_modelled_km,LIGHT_RUC,FY2028,current_finalist_forecast,2027Q3,13524.331815170966,matched_committed_scenario_input,pass,,6213ce565cf1f4a058a3ea9f1af4d5476a8b0423a4d8747905c3cba128380ce1,6213ce565cf1f4a058a3ea9f1af4d5476a8b0423a4d8747905c3cba128380ce1,19,0,3198829400.4707985,3198829400.4707985,0.0,0.0031988294004707983,pass,,scenario_inputs/scenario_input_long.parquet
current_comparison_1,comparison,current_light_ruc_conventional_modelled_km,LIGHT_RUC,FY2028,current_finalist_forecast,2027Q4,13524.331815170966,matched_committed_scenario_input,pass,,6213ce565cf1f4a058a3ea9f1af4d5476a8b0423a4d8747905c3cba128380ce1,6213ce565cf1f4a058a3ea9f1af4d5476a8b0423a4d8747905c3cba128380ce1,19,0,3425257530.1588864,3425257530.1588864,0.0,0.0034252575301588865,pass,,scenario_inputs/scenario_input_long.parquet
current_comparison_1,comparison,current_light_ruc_conventional_modelled_km,LIGHT_RUC,FY2028,current_finalist_forecast,2028Q1,13524.331815170966,matched_committed_scenario_input,pass,,6213ce565cf1f4a058a3ea9f1af4d5476a8b0423a4d8747905c3cba128380ce1,6213ce565cf1f4a058a3ea9f1af4d5476a8b0423a4d8747905c3cba128380ce1,19,0,3434701192.3758116,3434701192.375812,4.76837158203125e-07,0.003434701192375812,pass,,scenario_inputs/scenario_input_long.parquet
current_comparison_1,comparison,current_light_ruc_conventional_modelled_km,LIGHT_RUC,FY2028,current_finalist_forecast,2028Q2,13524.331815170966,matched_committed_scenario_input,pass,,6213ce565cf1f4a058a3ea9f1af4d5476a8b0423a4d8747905c3cba128380ce1,6213ce565cf1f4a058a3ea9f1af4d5476a8b0423a4d8747905c3cba128380ce1,19,0,3465543692.165471,3465543692.165471,0.0,0.003465543692165471,pass,,scenario_inputs/scenario_input_long.parquet
current_comparison_1,comparison,current_light_ruc_conventional_modelled_km,LIGHT_RUC,FY2029,current_finalist_forecast,2028Q3,14065.10473483769,matched_committed_scenario_input,pass,,6213ce565cf1f4a058a3ea9f1af4d5476a8b0423a4d8747905c3cba128380ce1,6213ce565cf1f4a058a3ea9f1af4d5476a8b0423a4d8747905c3cba128380ce1,19,0,3330769174.248094,3330769174.248094,0.0,0.003330769174248094,pass,,scenario_inputs/scenario_input_long.parquet
current_comparison_1,comparison,current_light_ruc_conventional_modelled_km,LIGHT_RUC,FY2029,current_finalist_forecast,2028Q4,14065.10473483769,matched_committed_scenario_input,pass,,6213ce565cf1f4a058a3ea9f1af4d5476a8b0423a4d8747905c3cba128380ce1,6213ce565cf1f4a058a3ea9f1af4d5476a8b0423a4d8747905c3cba128380ce1,19,0,3563123381.722717,3563123381.722717,0.0,0.003563123381722717,pass,,scenario_inputs/scenario_input_long.parquet
current_comparison_1,comparison,current_light_ruc_conventional_modelled_km,LIGHT_RUC,FY2029,current_finalist_forecast,2029Q1,14065.10473483769,matched_committed_scenario_input,pass,,6213ce565cf1f4a058a3ea9f1af4d5476a8b0423a4d8747905c3cba128380ce1,6213ce565cf1f4a058a3ea9f1af4d5476a8b0423a4d8747905c3cba128380ce1,19,0,3570704218.0334706,3570704218.0334706,0.0,0.0035707042180334707,pass,,scenario_inputs/scenario_input_long.parquet
current_comparison_1,comparison,current_light_ruc_conventional_modelled_km,LIGHT_RUC,FY2029,current_finalist_forecast,2029Q2,14065.10473483769,matched_committed_scenario_input,pass,,6213ce565cf1f4a058a3ea9f1af4d5476a8b0423a4d8747905c3cba128380ce1,6213ce565cf1f4a058a3ea9f1af4d5476a8b0423a4d8747905c3cba128380ce1,19,0,3600507960.8334093,3600507960.8334093,0.0,0.003600507960833409,pass,,scenario_inputs/scenario_input_long.parquet
current_comparison_1,comparison,current_light_ruc_conventional_modelled_km,LIGHT_RUC,FY2030,current_finalist_forecast,2029Q3,14442.85599877819,matched_committed_scenario_input,pass,,6213ce565cf1f4a058a3ea9f1af4d5476a8b0423a4d8747905c3cba128380ce1,6213ce565cf1f4a058a3ea9f1af4d5476a8b0423a4d8747905c3cba128380ce1,19,0,3458315533.129879,3458315533.129879,0.0,0.003458315533129879,pass,,scenario_inputs/scenario_input_long.parquet
current_comparison_1,comparison,current_light_ruc_conventional_modelled_km,LIGHT_RUC,FY2030,current_finalist_forecast,2029Q4,14442.85599877819,matched_committed_scenario_input,pass,,6213ce565cf1f4a058a3ea9f1af4d5476a8b0423a4d8747905c3cba128380ce1,6213ce565cf1f4a058a3ea9f1af4d5476a8b0423a4d8747905c3cba128380ce1,19,0,3649440987.3148704,3649440987.3148704,0.0,0.0036494409873148704,pass,,scenario_inputs/scenario_input_long.parquet
current_comparison_1,comparison,current_light_ruc_conventional_modelled_km,LIGHT_RUC,FY2030,current_finalist_forecast,2030Q1,14442.85599877819,matched_committed_scenario_input,pass,,6213ce565cf1f4a058a3ea9f1af4d5476a8b0423a4d8747905c3cba128380ce1,6213ce565cf1f4a058a3ea9f1af4d5476a8b0423a4d8747905c3cba128380ce1,19,0,3652847490.3889103,3652847490.3889103,0.0,0.0036528474903889103,pass,,scenario_inputs/scenario_input_long.parquet
current_comparison_1,comparison,current_light_ruc_conventional_modelled_km,LIGHT_RUC,FY2030,current_finalist_forecast,2030Q2,14442.85599877819,matched_committed_scenario_input,pass,,6213ce565cf1f4a058a3ea9f1af4d5476a8b0423a4d8747905c3cba128380ce1,6213ce565cf1f4a058a3ea9f1af4d5476a8b0423a4d8747905c3cba128380ce1,19,0,3682251987.944531,3682251987.944531,0.0,0.003682251987944531,pass,,scenario_inputs/scenario_input_long.parquet
current_comparison_1,comparison,ped_vkt_per_capita,PED,FY2025,Actual anchor,,5973.0514101063,actual_anchor_no_workbook_replay_required,not_applicable,Annual row contains actual-anchor quarters only.,,6213ce565cf1f4a058a3ea9f1af4d5476a8b0423a4d8747905c3cba128380ce1,0,0,,,,,not_applicable,Actual-anchor row is not a promoted future forecast row.,mbu26_actual_anchor
current_comparison_1,comparison,ped_vkt_per_capita,PED,FY2026,Current-finalist FY nowcast (2 actual + 2 forecast),2026Q1,6169.2392325267765,matched_committed_scenario_input,pass,,6213ce565cf1f4a058a3ea9f1af4d5476a8b0423a4d8747905c3cba128380ce1,6213ce565cf1f4a058a3ea9f1af4d5476a8b0423a4d8747905c3cba128380ce1,20,0,1529.796629103501,1529.796629103501,0.0,1e-06,pass,,scenario_inputs/scenario_input_long.parquet
current_comparison_1,comparison,ped_vkt_per_capita,PED,FY2026,Current-finalist FY nowcast (2 actual + 2 forecast),2026Q2,6169.2392325267765,matched_committed_scenario_input,pass,,6213ce565cf1f4a058a3ea9f1af4d5476a8b0423a4d8747905c3cba128380ce1,6213ce565cf1f4a058a3ea9f1af4d5476a8b0423a4d8747905c3cba128380ce1,20,0,1529.2193302931837,1529.2193302931837,0.0,1e-06,pass,,scenario_inputs/scenario_input_long.parquet
current_comparison_1,comparison,ped_vkt_per_capita,PED,FY2027,current_finalist_forecast,2026Q3,6138.803634393285,matched_committed_scenario_input,pass,,6213ce565cf1f4a058a3ea9f1af4d5476a8b0423a4d8747905c3cba128380ce1,6213ce565cf1f4a058a3ea9f1af4d5476a8b0423a4d8747905c3cba128380ce1,20,0,1537.39904953278,1537.39904953278,0.0,1e-06,pass,,scenario_inputs/scenario_input_long.parquet
current_comparison_1,comparison,ped_vkt_per_capita,PED,FY2027,current_finalist_forecast,2026Q4,6138.803634393285,matched_committed_scenario_input,pass,,6213ce565cf1f4a058a3ea9f1af4d5476a8b0423a4d8747905c3cba128380ce1,6213ce565cf1f4a058a3ea9f1af4d5476a8b0423a4d8747905c3cba128380ce1,20,0,1547.2139339194275,1547.2139339194275,0.0,1e-06,pass,,scenario_inputs/scenario_input_long.parquet
current_comparison_1,comparison,ped_vkt_per_capita,PED,FY2027,current_finalist_forecast,2027Q1,6138.803634393285,matched_committed_scenario_input,pass,,6213ce565cf1f4a058a3ea9f1af4d5476a8b0423a4d8747905c3cba128380ce1,6213ce565cf1f4a058a3ea9f1af4d5476a8b0423a4d8747905c3cba128380ce1,20,0,1530.7785279675813,1530.778527967581,2.2737367544323206e-13,1e-06,pass,,scenario_inputs/scenario_input_long.parquet
current_comparison_1,comparison,ped_vkt_per_capita,PED,FY2027,current_finalist_forecast,2027Q2,6138.803634393285,matched_committed_scenario_input,pass,,6213ce565cf1f4a058a3ea9f1af4d5476a8b0423a4d8747905c3cba128380ce1,6213ce565cf1f4a058a3ea9f1af4d5476a8b0423a4d8747905c3cba128380ce1,20,0,1523.4121229734965,1523.4121229734965,0.0,1e-06,pass,,scenario_inputs/scenario_input_long.parquet
current_comparison_1,comparison,ped_vkt_per_capita,PED,FY2028,current_finalist_forecast,2027Q3,6132.178733998277,matched_committed_scenario_input,pass,,6213ce565cf1f4a058a3ea9f1af4d5476a8b0423a4d8747905c3cba128380ce1,6213ce565cf1f4a058a3ea9f1af4d5476a8b0423a4d8747905c3cba128380ce1,20,0,1530.2833124862277,1530.2833124862275,2.2737367544323206e-13,1e-06,pass,,scenario_inputs/scenario_input_long.parquet
current_comparison_1,comparison,ped_vkt_per_capita,PED,FY2028,current_finalist_forecast,2027Q4,6132.178733998277,matched_committed_scenario_input,pass,,6213ce565cf1f4a058a3ea9f1af4d5476a8b0423a4d8747905c3cba128380ce1,6213ce565cf1f4a058a3ea9f1af4d5476a8b0423a4d8747905c3cba128380ce1,20,0,1545.2370164867077,1545.2370164867075,2.2737367544323206e-13,1e-06,pass,,scenario_inputs/scenario_input_long.parquet
current_comparison_1,comparison,ped_vkt_per_capita,PED,FY2028,current_finalist_forecast,2028Q1,6132.178733998277,matched_committed_scenario_input,pass,,6213ce565cf1f4a058a3ea9f1af4d5476a8b0423a4d8747905c3cba128380ce1,6213ce565cf1f4a058a3ea9f1af4d5476a8b0423a4d8747905c3cba128380ce1,20,0,1531.31756692736,1531.31756692736,0.0,1e-06,pass,,scenario_inputs/scenario_input_long.parquet
current_comparison_1,comparison,ped_vkt_per_capita,PED,FY2028,current_finalist_forecast,2028Q2,6132.178733998277,matched_committed_scenario_input,pass,,6213ce565cf1f4a058a3ea9f1af4d5476a8b0423a4d8747905c3cba128380ce1,6213ce565cf1f4a058a3ea9f1af4d5476a8b0423a4d8747905c3cba128380ce1,20,0,1525.3408380979813,1525.3408380979813,0.0,1e-06,pass,,scenario_inputs/scenario_input_long.parquet
current_comparison_1,comparison,ped_vkt_per_capita,PED,FY2029,current_finalist_forecast,2028Q3,6124.2876876223,matched_committed_scenario_input,pass,,6213ce565cf1f4a058a3ea9f1af4d5476a8b0423a4d8747905c3cba128380ce1,6213ce565cf1f4a058a3ea9f1af4d5476a8b0423a4d8747905c3cba128380ce1,20,0,1530.9014296608525,1530.9014296608525,0.0,1e-06,pass,,scenario_inputs/scenario_input_long.parquet
current_comparison_1,comparison,ped_vkt_per_capita,PED,FY2029,current_finalist_forecast,2028Q4,6124.2876876223,matched_committed_scenario_input,pass,,6213ce565cf1f4a058a3ea9f1af4d5476a8b0423a4d8747905c3cba128380ce1,6213ce565cf1f4a058a3ea9f1af4d5476a8b0423a4d8747905c3cba128380ce1,20,0,1544.0468544800913,1544.0468544800913,0.0,1e-06,pass,,scenario_inputs/scenario_input_long.parquet
current_comparison_1,comparison,ped_vkt_per_capita,PED,FY2029,current_finalist_forecast,2029Q1,6124.2876876223,matched_committed_scenario_input,pass,,6213ce565cf1f4a058a3ea9f1af4d5476a8b0423a4d8747905c3cba128380ce1,6213ce565cf1f4a058a3ea9f1af4d5476a8b0423a4d8747905c3cba128380ce1,20,0,1529.591974816392,1529.591974816392,0.0,1e-06,pass,,scenario_inputs/scenario_input_long.parquet
current_comparison_1,comparison,ped_vkt_per_capita,PED,FY2029,current_finalist_forecast,2029Q2,6124.2876876223,matched_committed_scenario_input,pass,,6213ce565cf1f4a058a3ea9f1af4d5476a8b0423a4d8747905c3cba128380ce1,6213ce565cf1f4a058a3ea9f1af4d5476a8b0423a4d8747905c3cba128380ce1,20,0,1519.7474286649638,1519.7474286649638,0.0,1e-06,pass,,scenario_inputs/scenario_input_long.parquet
current_comparison_1,comparison,ped_vkt_per_capita,PED,FY2030,current_finalist_forecast,2029Q3,6103.089432589002,matched_committed_scenario_input,pass,,6213ce565cf1f4a058a3ea9f1af4d5476a8b0423a4d8747905c3cba128380ce1,6213ce565cf1f4a058a3ea9f1af4d5476a8b0423a4d8747905c3cba128380ce1,20,0,1525.1890442644317,1525.1890442644317,0.0,1e-06,pass,,scenario_inputs/scenario_input_long.parquet
current_comparison_1,comparison,ped_vkt_per_capita,PED,FY2030,current_finalist_forecast,2029Q4,6103.089432589002,matched_committed_scenario_input,pass,,6213ce565cf1f4a058a3ea9f1af4d5476a8b0423a4d8747905c3cba128380ce1,6213ce565cf1f4a058a3ea9f1af4d5476a8b0423a4d8747905c3cba128380ce1,20,0,1537.55379489924,1537.55379489924,0.0,1e-06,pass,,scenario_inputs/scenario_input_long.parquet
current_comparison_1,comparison,ped_vkt_per_capita,PED,FY2030,current_finalist_forecast,2030Q1,6103.089432589002,matched_committed_scenario_input,pass,,6213ce565cf1f4a058a3ea9f1af4d5476a8b0423a4d8747905c3cba128380ce1,6213ce565cf1f4a058a3ea9f1af4d5476a8b0423a4d8747905c3cba128380ce1,20,0,1523.2558628275538,1523.2558628275538,0.0,1e-06,pass,,scenario_inputs/scenario_input_long.parquet
current_comparison_1,comparison,ped_vkt_per_capita,PED,FY2030,current_finalist_forecast,2030Q2,6103.089432589002,matched_committed_scenario_input,pass,,6213ce565cf1f4a058a3ea9f1af4d5476a8b0423a4d8747905c3cba128380ce1,6213ce565cf1f4a058a3ea9f1af4d5476a8b0423a4d8747905c3cba128380ce1,20,0,1517.0907305977769,1517.0907305977769,0.0,1e-06,pass,,scenario_inputs/scenario_input_long.parquet
