scenario_name,series_id,FY,fed_path,component_type,value_before,value_after,abs_change,pct_change,engine
current_basecase,gross_ped_revenue,2026,Current planned path,replacement_line,2143.356963537042,2143.356963537042,0.0,0.0,ensemble
current_basecase,gross_ped_revenue,2027,Current planned path,replacement_line,2270.5040576345127,2270.5040576345127,0.0,0.0,ensemble
current_basecase,gross_ped_revenue,2028,Current planned path,replacement_line,2534.684498990492,2534.684498990492,0.0,0.0,ensemble
current_basecase,gross_ped_revenue,2029,Current planned path,replacement_line,2676.9113070502763,2676.9113070502763,0.0,0.0,ensemble
current_basecase,gross_ped_revenue,2030,Current planned path,replacement_line,2781.659206232161,2781.659206232161,0.0,0.0,ensemble
current_basecase,heavy_ruc_net_revenue,2026,Current planned path,replacement_line,1129.3227625959253,1134.8353401385034,5.5125775425781285,0.48813126992203765,ensemble
current_basecase,heavy_ruc_net_revenue,2027,Current planned path,replacement_line,1231.4061163927752,1232.1203935629142,0.7142771701389847,0.05800500424923628,ensemble
current_basecase,heavy_ruc_net_revenue,2028,Current planned path,replacement_line,1380.1167259757658,1380.3167194555558,0.1999934797900096,0.014491055432185334,ensemble
current_basecase,heavy_ruc_net_revenue,2029,Current planned path,replacement_line,1474.75571933762,1474.755307492383,-0.0004118452368402359,-2.7926335964658227e-05,ensemble
current_basecase,heavy_ruc_net_revenue,2030,Current planned path,replacement_line,1552.6890410773983,1552.689025066263,-1.601113535798504e-05,-1.0311875033828437e-06,ensemble
current_basecase,light_ruc_net_revenue,2026,Current planned path,replacement_line,878.4879744480047,867.440868646173,-11.047105801831663,-1.2575136055531184,ensemble
current_basecase,light_ruc_net_revenue,2027,Current planned path,replacement_line,926.0579915629984,939.6893927655568,13.631401202558436,1.4719813798649253,ensemble
current_basecase,light_ruc_net_revenue,2028,Current planned path,replacement_line,1087.3404941589715,1087.3404941589715,0.0,0.0,ensemble
current_basecase,light_ruc_net_revenue,2029,Current planned path,replacement_line,1191.3931534415976,1191.3931534415976,0.0,0.0,ensemble
current_basecase,light_ruc_net_revenue,2030,Current planned path,replacement_line,1271.029669278332,1271.029669278332,0.0,0.0,ensemble
current_basecase,net_fed_revenue,2026,Current planned path,calculated_rollup,2112.134601481632,2112.134601481632,0.0,0.0,ensemble
current_basecase,net_fed_revenue,2027,Current planned path,calculated_rollup,2231.031785550897,2231.031785550897,0.0,0.0,ensemble
current_basecase,net_fed_revenue,2028,Current planned path,calculated_rollup,2485.426160851226,2485.426160851226,0.0,0.0,ensemble
current_basecase,net_fed_revenue,2029,Current planned path,calculated_rollup,2622.137336911685,2622.137336911685,0.0,0.0,ensemble
current_basecase,net_fed_revenue,2030,Current planned path,calculated_rollup,2722.490991688741,2722.490991688741,0.0,0.0,ensemble
current_basecase,total_fed_ruc_net_revenue,2026,Current planned path,calculated_rollup,4192.516326257892,4185.634474545244,-6.8818517126474035,-0.16414609215821296,ensemble
current_basecase,total_fed_ruc_net_revenue,2027,Current planned path,calculated_rollup,4493.816338470237,4510.238369058836,16.422030588599227,0.36543617610748946,ensemble
current_basecase,total_fed_ruc_net_revenue,2028,Current planned path,calculated_rollup,5144.921105464645,5145.121098944435,0.19999347979046433,0.003887202071535024,ensemble
current_basecase,total_fed_ruc_net_revenue,2029,Current planned path,calculated_rollup,5563.771327423043,5563.770915577806,-0.00041184523706760956,-7.402267505813595e-06,ensemble
current_basecase,total_fed_ruc_net_revenue,2030,Current planned path,calculated_rollup,5917.74370444248,5917.743688431345,-1.601113490323769e-05,-2.7056147922083973e-07,ensemble
current_basecase,total_nltf_net_revenue,2026,Current planned path,calculated_rollup,4635.051597272895,4628.169745560249,-6.881851712646494,-0.14847411227731613,ensemble
current_basecase,total_nltf_net_revenue,2027,Current planned path,calculated_rollup,5007.523990313511,5023.94602090211,16.422030588599227,0.32794711758477424,ensemble
current_basecase,total_nltf_net_revenue,2028,Current planned path,calculated_rollup,5652.729515434055,5652.929508913845,0.19999347978955484,0.003537998399596128,ensemble
current_basecase,total_nltf_net_revenue,2029,Current planned path,calculated_rollup,6066.172337109564,6066.171925264326,-0.00041184523797710426,-6.789210973411646e-06,ensemble
current_basecase,total_nltf_net_revenue,2030,Current planned path,calculated_rollup,6415.185322424164,6415.185306413028,-1.601113581273239e-05,-2.4958181265264084e-07,ensemble
current_basecase,total_ruc_net_revenue,2026,Current planned path,calculated_rollup,2080.3817247762595,2073.4998730636125,-6.881851712646949,-0.3307975469447597,ensemble
current_basecase,total_ruc_net_revenue,2027,Current planned path,calculated_rollup,2262.7845529193387,2279.2065835079384,16.422030588599682,0.7257443298087194,ensemble
current_basecase,total_ruc_net_revenue,2028,Current planned path,calculated_rollup,2659.4949446134187,2659.6949380932087,0.1999934797900096,0.007519979693703852,ensemble
current_basecase,total_ruc_net_revenue,2029,Current planned path,calculated_rollup,2941.6339905113578,2941.6335786661207,-0.00041184523706760956,-1.4000560178325128e-05,ensemble
current_basecase,total_ruc_net_revenue,2030,Current planned path,calculated_rollup,3195.2527127537387,3195.252696742604,-1.601113490323769e-05,-5.010913484035177e-07,ensemble
current_comparison_1,gross_ped_revenue,2026,Current planned path,replacement_line,2145.6274807242507,2145.6274807242507,0.0,0.0,ensemble
current_comparison_1,gross_ped_revenue,2027,Current planned path,replacement_line,2285.297358852657,2285.297358852657,0.0,0.0,ensemble
current_comparison_1,gross_ped_revenue,2028,Current planned path,replacement_line,2567.2333744050297,2567.2333744050297,0.0,0.0,ensemble
current_comparison_1,gross_ped_revenue,2029,Current planned path,replacement_line,2728.6119090598595,2728.6119090598595,0.0,0.0,ensemble
current_comparison_1,gross_ped_revenue,2030,Current planned path,replacement_line,2854.1755922217985,2854.1755922217985,0.0,0.0,ensemble
current_comparison_1,heavy_ruc_net_revenue,2026,Current planned path,replacement_line,1129.828298446162,1135.2102486241813,5.381950178019224,0.4763511575538468,ensemble
current_comparison_1,heavy_ruc_net_revenue,2027,Current planned path,replacement_line,1233.804126742114,1234.6034877580475,0.7993610159335276,0.0647883240627714,ensemble
current_comparison_1,heavy_ruc_net_revenue,2028,Current planned path,replacement_line,1382.731904343121,1382.935391399487,0.20348705636592967,0.01471630586715926,ensemble
current_comparison_1,heavy_ruc_net_revenue,2029,Current planned path,replacement_line,1476.5576771954145,1476.5573951125543,-0.0002820828601670655,-1.91040867907616e-05,ensemble
current_comparison_1,heavy_ruc_net_revenue,2030,Current planned path,replacement_line,1554.703706125548,1554.703695421354,-1.0704193982746801e-05,-6.885037927530609e-07,ensemble
current_comparison_1,light_ruc_net_revenue,2026,Current planned path,replacement_line,879.3607689037508,868.012021335747,-11.348747568003773,-1.2905678726322545,ensemble
current_comparison_1,light_ruc_net_revenue,2027,Current planned path,replacement_line,931.6403976349984,945.344221435419,13.703823800420537,1.4709349052711937,ensemble
current_comparison_1,light_ruc_net_revenue,2028,Current planned path,replacement_line,1099.6924709137568,1099.6924709137568,0.0,0.0,ensemble
current_comparison_1,light_ruc_net_revenue,2029,Current planned path,replacement_line,1211.3412392466091,1211.3412392466091,0.0,0.0,ensemble
current_comparison_1,light_ruc_net_revenue,2030,Current planned path,replacement_line,1299.194773882275,1299.194773882275,0.0,0.0,ensemble
current_comparison_1,net_fed_revenue,2026,Current planned path,calculated_rollup,2114.4051186688407,2114.4051186688407,0.0,0.0,ensemble
current_comparison_1,net_fed_revenue,2027,Current planned path,calculated_rollup,2245.825086769042,2245.825086769042,0.0,0.0,ensemble
current_comparison_1,net_fed_revenue,2028,Current planned path,calculated_rollup,2517.975036265764,2517.975036265764,0.0,0.0,ensemble
current_comparison_1,net_fed_revenue,2029,Current planned path,calculated_rollup,2673.837938921268,2673.837938921268,0.0,0.0,ensemble
current_comparison_1,net_fed_revenue,2030,Current planned path,calculated_rollup,2795.0073776783784,2795.0073776783784,0.0,0.0,ensemble
current_comparison_1,total_fed_ruc_net_revenue,2026,Current planned path,calculated_rollup,4196.271621218982,4188.920711642575,-7.350909576406593,-0.17517716296618607,ensemble
current_comparison_1,total_fed_ruc_net_revenue,2027,Current planned path,calculated_rollup,4517.44037524019,4534.030943773854,16.590568533663827,0.3672559492892413,ensemble
current_comparison_1,total_fed_ruc_net_revenue,2028,Current planned path,calculated_rollup,5194.81842965043,5195.021916706795,0.2034870563657023,0.003917115855373512,ensemble
current_comparison_1,total_fed_ruc_net_revenue,2029,Current planned path,calculated_rollup,5642.069099402784,5642.068817319923,-0.0002820828603944392,-4.999634981859719e-06,ensemble
current_comparison_1,total_fed_ruc_net_revenue,2030,Current planned path,calculated_rollup,6028.886097310822,6028.886086606628,-1.0704194210120477e-05,-1.7754845650335095e-07,ensemble
current_comparison_1,total_nltf_net_revenue,2026,Current planned path,calculated_rollup,4638.806892233985,4631.45598265758,-7.350909576405684,-0.1584655224323336,ensemble
current_comparison_1,total_nltf_net_revenue,2027,Current planned path,calculated_rollup,5031.1480270834645,5047.738595617128,16.590568533663827,0.32975711396989665,ensemble
current_comparison_1,total_nltf_net_revenue,2028,Current planned path,calculated_rollup,5702.62683961984,5702.830326676206,0.2034870563657023,0.0035683039078051888,ensemble
current_comparison_1,total_nltf_net_revenue,2029,Current planned path,calculated_rollup,6144.470109089304,6144.469827006445,-0.0002820828594849445,-4.590841105527863e-06,ensemble
current_comparison_1,total_nltf_net_revenue,2030,Current planned path,calculated_rollup,6526.327715292508,6526.327704588313,-1.0704195119615179e-05,-1.640155932490653e-07,ensemble
current_comparison_1,total_ruc_net_revenue,2026,Current planned path,calculated_rollup,2081.866502550141,2074.515592973735,-7.3509095764061385,-0.35309226443683056,ensemble
current_comparison_1,total_ruc_net_revenue,2027,Current planned path,calculated_rollup,2271.6152884711487,2288.2058570048125,16.590568533663827,0.7303423523280509,ensemble
current_comparison_1,total_ruc_net_revenue,2028,Current planned path,calculated_rollup,2676.843393384666,2677.046880441032,0.20348705636615705,0.007601754247896552,ensemble
current_comparison_1,total_ruc_net_revenue,2029,Current planned path,calculated_rollup,2968.2311604815154,2968.2308783986555,-0.00028208285993969184,-9.503399320622033e-06,ensemble
current_comparison_1,total_ruc_net_revenue,2030,Current planned path,calculated_rollup,3233.878719632444,3233.87870892825,-1.0704193755373126e-05,-3.3100170672417e-07,ensemble
current_basecase,gross_ped_revenue,2026,Current planned path,replacement_line,2134.5983796474093,2134.5983796474093,0.0,0.0,ar1
current_basecase,gross_ped_revenue,2027,Current planned path,replacement_line,2206.0674218310605,2206.0674218310605,0.0,0.0,ar1
current_basecase,gross_ped_revenue,2028,Current planned path,replacement_line,2441.122287423288,2441.122287423288,0.0,0.0,ar1
current_basecase,gross_ped_revenue,2029,Current planned path,replacement_line,2570.618929809308,2570.618929809308,0.0,0.0,ar1
current_basecase,gross_ped_revenue,2030,Current planned path,replacement_line,2670.7639693881997,2670.7639693881997,0.0,0.0,ar1
current_basecase,heavy_ruc_net_revenue,2026,Current planned path,replacement_line,1129.3227625959253,1134.8353401385034,5.5125775425781285,0.48813126992203765,ar1
current_basecase,heavy_ruc_net_revenue,2027,Current planned path,replacement_line,1231.4061163927752,1232.1203935629142,0.7142771701389847,0.05800500424923628,ar1
current_basecase,heavy_ruc_net_revenue,2028,Current planned path,replacement_line,1380.1167259757658,1380.3167194555558,0.1999934797900096,0.014491055432185334,ar1
current_basecase,heavy_ruc_net_revenue,2029,Current planned path,replacement_line,1474.75571933762,1474.755307492383,-0.0004118452368402359,-2.7926335964658227e-05,ar1
current_basecase,heavy_ruc_net_revenue,2030,Current planned path,replacement_line,1552.6890410773983,1552.689025066263,-1.601113535798504e-05,-1.0311875033828437e-06,ar1
current_basecase,light_ruc_net_revenue,2026,Current planned path,replacement_line,878.4879744480047,867.440868646173,-11.047105801831663,-1.2575136055531184,ar1
current_basecase,light_ruc_net_revenue,2027,Current planned path,replacement_line,926.0579915629984,939.6893927655568,13.631401202558436,1.4719813798649253,ar1
current_basecase,light_ruc_net_revenue,2028,Current planned path,replacement_line,1087.3404941589715,1087.3404941589715,0.0,0.0,ar1
current_basecase,light_ruc_net_revenue,2029,Current planned path,replacement_line,1191.3931534415976,1191.3931534415976,0.0,0.0,ar1
current_basecase,light_ruc_net_revenue,2030,Current planned path,replacement_line,1271.029669278332,1271.029669278332,0.0,0.0,ar1
current_basecase,net_fed_revenue,2026,Current planned path,calculated_rollup,2103.3760175919992,2103.3760175919992,0.0,0.0,ar1
current_basecase,net_fed_revenue,2027,Current planned path,calculated_rollup,2166.595149747445,2166.595149747445,0.0,0.0,ar1
current_basecase,net_fed_revenue,2028,Current planned path,calculated_rollup,2391.8639492840216,2391.8639492840216,0.0,0.0,ar1
current_basecase,net_fed_revenue,2029,Current planned path,calculated_rollup,2515.8449596707164,2515.8449596707164,0.0,0.0,ar1
current_basecase,net_fed_revenue,2030,Current planned path,calculated_rollup,2611.595754844779,2611.595754844779,0.0,0.0,ar1
current_basecase,total_fed_ruc_net_revenue,2026,Current planned path,calculated_rollup,4183.757742368259,4176.875890655612,-6.881851712646494,-0.16448972757086436,ar1
current_basecase,total_fed_ruc_net_revenue,2027,Current planned path,calculated_rollup,4429.379702666784,4445.801733255384,16.422030588599227,0.3707523782328271,ar1
current_basecase,total_fed_ruc_net_revenue,2028,Current planned path,calculated_rollup,5051.358893897441,5051.55888737723,0.19999347978955484,0.003959201553292273,ar1
current_basecase,total_fed_ruc_net_revenue,2029,Current planned path,calculated_rollup,5457.478950182074,5457.478538336837,-0.00041184523706760956,-7.546437481978184e-06,ar1
current_basecase,total_fed_ruc_net_revenue,2030,Current planned path,calculated_rollup,5806.848467598518,5806.848451587382,-1.601113581273239e-05,-2.7572849372723446e-07,ar1
current_basecase,total_nltf_net_revenue,2026,Current planned path,calculated_rollup,4626.293013383262,4619.411161670616,-6.881851712646494,-0.14875520622533409,ar1
current_basecase,total_nltf_net_revenue,2027,Current planned path,calculated_rollup,4943.087354510058,4959.509385098658,16.422030588600137,0.3322221399469449,ar1
current_basecase,total_nltf_net_revenue,2028,Current planned path,calculated_rollup,5559.1673038668505,5559.367297346641,0.19999347979046433,0.003597543820121274,ar1
current_basecase,total_nltf_net_revenue,2029,Current planned path,calculated_rollup,5959.879959868596,5959.8795480233575,-0.00041184523888659896,-6.910294194846155e-06,ar1
current_basecase,total_nltf_net_revenue,2030,Current planned path,calculated_rollup,6304.290085580202,6304.290069569067,-1.601113490323769e-05,-2.5397205214049314e-07,ar1
current_basecase,total_ruc_net_revenue,2026,Current planned path,calculated_rollup,2080.3817247762595,2073.4998730636125,-6.881851712646949,-0.3307975469447597,ar1
current_basecase,total_ruc_net_revenue,2027,Current planned path,calculated_rollup,2262.7845529193387,2279.2065835079384,16.422030588599682,0.7257443298087194,ar1
current_basecase,total_ruc_net_revenue,2028,Current planned path,calculated_rollup,2659.4949446134187,2659.6949380932087,0.1999934797900096,0.007519979693703852,ar1
current_basecase,total_ruc_net_revenue,2029,Current planned path,calculated_rollup,2941.6339905113578,2941.6335786661207,-0.00041184523706760956,-1.4000560178325128e-05,ar1
current_basecase,total_ruc_net_revenue,2030,Current planned path,calculated_rollup,3195.2527127537387,3195.252696742604,-1.601113490323769e-05,-5.010913484035177e-07,ar1
current_comparison_1,gross_ped_revenue,2026,Current planned path,replacement_line,2136.7533957180253,2136.7533957180253,0.0,0.0,ar1
current_comparison_1,gross_ped_revenue,2027,Current planned path,replacement_line,2219.5816453780844,2219.5816453780844,0.0,0.0,ar1
current_comparison_1,gross_ped_revenue,2028,Current planned path,replacement_line,2470.6410221728675,2470.6410221728675,0.0,0.0,ar1
current_comparison_1,gross_ped_revenue,2029,Current planned path,replacement_line,2617.0732333770984,2617.0732333770984,0.0,0.0,ar1
current_comparison_1,gross_ped_revenue,2030,Current planned path,replacement_line,2734.616299930431,2734.616299930431,0.0,0.0,ar1
current_comparison_1,heavy_ruc_net_revenue,2026,Current planned path,replacement_line,1129.828298446162,1135.2102486241813,5.381950178019224,0.4763511575538468,ar1
current_comparison_1,heavy_ruc_net_revenue,2027,Current planned path,replacement_line,1233.804126742114,1234.6034877580475,0.7993610159335276,0.0647883240627714,ar1
current_comparison_1,heavy_ruc_net_revenue,2028,Current planned path,replacement_line,1382.731904343121,1382.935391399487,0.20348705636592967,0.01471630586715926,ar1
current_comparison_1,heavy_ruc_net_revenue,2029,Current planned path,replacement_line,1476.5576771954145,1476.5573951125543,-0.0002820828601670655,-1.91040867907616e-05,ar1
current_comparison_1,heavy_ruc_net_revenue,2030,Current planned path,replacement_line,1554.703706125548,1554.703695421354,-1.0704193982746801e-05,-6.885037927530609e-07,ar1
current_comparison_1,light_ruc_net_revenue,2026,Current planned path,replacement_line,879.3607689037508,868.012021335747,-11.348747568003773,-1.2905678726322545,ar1
current_comparison_1,light_ruc_net_revenue,2027,Current planned path,replacement_line,931.6403976349984,945.344221435419,13.703823800420537,1.4709349052711937,ar1
current_comparison_1,light_ruc_net_revenue,2028,Current planned path,replacement_line,1099.6924709137568,1099.6924709137568,0.0,0.0,ar1
current_comparison_1,light_ruc_net_revenue,2029,Current planned path,replacement_line,1211.3412392466091,1211.3412392466091,0.0,0.0,ar1
current_comparison_1,light_ruc_net_revenue,2030,Current planned path,replacement_line,1299.194773882275,1299.194773882275,0.0,0.0,ar1
current_comparison_1,net_fed_revenue,2026,Current planned path,calculated_rollup,2105.5310336626158,2105.5310336626158,0.0,0.0,ar1
current_comparison_1,net_fed_revenue,2027,Current planned path,calculated_rollup,2180.109373294469,2180.109373294469,0.0,0.0,ar1
current_comparison_1,net_fed_revenue,2028,Current planned path,calculated_rollup,2421.382684033601,2421.382684033601,0.0,0.0,ar1
current_comparison_1,net_fed_revenue,2029,Current planned path,calculated_rollup,2562.299263238507,2562.299263238507,0.0,0.0,ar1
current_comparison_1,net_fed_revenue,2030,Current planned path,calculated_rollup,2675.448085387011,2675.448085387011,0.0,0.0,ar1
current_comparison_1,total_fed_ruc_net_revenue,2026,Current planned path,calculated_rollup,4187.397536212757,4180.04662663635,-7.350909576406593,-0.175548404774939,ar1
current_comparison_1,total_fed_ruc_net_revenue,2027,Current planned path,calculated_rollup,4451.724661765618,4468.315230299282,16.590568533663827,0.37267732832074496,ar1
current_comparison_1,total_fed_ruc_net_revenue,2028,Current planned path,calculated_rollup,5098.226077418267,5098.429564474633,0.2034870563657023,0.003991330578041918,ar1
current_comparison_1,total_fed_ruc_net_revenue,2029,Current planned path,calculated_rollup,5530.530423720023,5530.530141637162,-0.0002820828603944392,-5.100466660206901e-06,ar1
current_comparison_1,total_fed_ruc_net_revenue,2030,Current planned path,calculated_rollup,5909.326805019455,5909.3267943152605,-1.0704194210120477e-05,-1.8114067072797875e-07,ar1
current_comparison_1,total_nltf_net_revenue,2026,Current planned path,calculated_rollup,4629.93280722776,4622.581897651354,-7.350909576406593,-0.15876924962995428,ar1
current_comparison_1,total_nltf_net_revenue,2027,Current planned path,calculated_rollup,4965.432313608892,4982.022882142556,16.590568533663827,0.3341213309502501,ar1
current_comparison_1,total_nltf_net_revenue,2028,Current planned path,calculated_rollup,5606.034487387678,5606.237974444044,0.2034870563657023,0.0036297860247471287,ar1
current_comparison_1,total_nltf_net_revenue,2029,Current planned path,calculated_rollup,6032.931433406543,6032.931151323684,-0.0002820828585754498,-4.67571796048359e-06,ar1
current_comparison_1,total_nltf_net_revenue,2030,Current planned path,calculated_rollup,6406.76842300114,6406.768412296946,-1.0704194210120477e-05,-1.6707634026057528e-07,ar1
current_comparison_1,total_ruc_net_revenue,2026,Current planned path,calculated_rollup,2081.866502550141,2074.515592973735,-7.3509095764061385,-0.35309226443683056,ar1
current_comparison_1,total_ruc_net_revenue,2027,Current planned path,calculated_rollup,2271.6152884711487,2288.2058570048125,16.590568533663827,0.7303423523280509,ar1
current_comparison_1,total_ruc_net_revenue,2028,Current planned path,calculated_rollup,2676.843393384666,2677.046880441032,0.20348705636615705,0.007601754247896552,ar1
current_comparison_1,total_ruc_net_revenue,2029,Current planned path,calculated_rollup,2968.2311604815154,2968.2308783986555,-0.00028208285993969184,-9.503399320622033e-06,ar1
current_comparison_1,total_ruc_net_revenue,2030,Current planned path,calculated_rollup,3233.878719632444,3233.87870892825,-1.0704193755373126e-05,-3.3100170672417e-07,ar1
