stream,trial_id,candidate_name,loss,model_kind,feature_set,include_target_lags,window,params_json,status,quarterly_mape,annual_mape,quarterly_bias_pct,annual_bias_pct,quarterly_p90_ape,governance_score,mape_h01_04,mape_h05_08,mape_h09_12
PED,1,PED__HPO_trial0001__struct__HPO_Ridge_alpha29_2695__noylag__w40,3.886884180890216,ridge,struct,False,40,"{""alpha"": 29.26951094714971, ""random_state"": 20260521}",ok,3.6594923482660606,3.809760355130909,0.0907781828588729,0.15868199528805677,9.65736740259685,1.0,2.365451242459482,3.809907362439032,5.014736885595452
PED,2,PED__HPO_trial0002__schiff_no_lead__HPO_BayesianRidge__noylag__w52,3.2025663119174324,bayesian_ridge,schiff_no_lead,False,52,{},ok,2.837341864308691,2.976860845966065,0.925257976748872,1.0599115954677,8.931054147419989,1.0,2.051484197348986,2.9584251129885724,3.627797788056412
PED,3,PED__HPO_trial0003__diff__HPO_GBR_learning_rate0_0353663_max_depth2_n_estimators200__ylag__w52,3.070692793754289,gbr,diff,True,52,"{""learning_rate"": 0.0353662708358645, ""loss"": ""squared_error"", ""max_depth"": 2, ""n_estimators"": 200, ""random_state"": 20260523, ""subsample"": 0.85}",ok,2.6624552899846505,2.621125038068798,1.5971547094168936,1.7927486704494442,8.944382860441486,1.0,1.7836887266779609,2.6690064786912107,3.6874821735392938
PED,4,PED__HPO_trial0004__schiff__HPO_BayesianRidge__ylag__w52,3.850696610647252,bayesian_ridge,schiff,True,52,{},ok,3.5895584518473336,3.6160390221607863,0.05673992316576225,0.32386726313315817,10.313782397165896,1.0,1.8981093563435858,3.7343175285938814,5.417794273621387
PED,5,PED__HPO_trial0005__schiff_no_lead__HPO_BayesianRidge__ylag__w40,5.600523901404052,bayesian_ridge,schiff_no_lead,True,40,{},ok,5.382388255889805,5.1333724974079615,-1.4389505257743922,-0.8132291300128016,12.73731489075836,1.0,2.309571174320579,5.581713095510036,8.773420797196579
PED,6,PED__HPO_trial0006__rich__HPO_Ridge_alpha0_0144021__noylag__w52,6.142389203717991,ridge,rich,False,52,"{""alpha"": 0.01440209441753237, ""random_state"": 20260526}",ok,5.729910851935159,5.996795572885138,0.07076737921934907,0.19566770138411782,15.811100739323908,1.0,3.7049043466051694,6.125604743150561,7.675110897975731
PED,7,PED__HPO_trial0007__schiff_no_lead__HPO_Elastic_alpha0_00365161_l1_ratio0_247726__noylag__wexp,3.413150867711003,elastic_net,schiff_no_lead,False,expanding,"{""alpha"": 0.0036516145472021647, ""l1_ratio"": 0.2477259986384934, ""max_iter"": 50000, ""random_state"": 20260527}",ok,3.1143280758994427,3.132185904387967,0.7147179649869363,0.9668941825788254,9.200114056113005,1.0,2.195934923679026,3.3152202468633165,3.9730508293566418
PED,8,PED__HPO_trial0008__struct__HPO_GBR_learning_rate0_0184188_max_depth2_n_estimators460__noylag__w40,3.0685526369376257,gbr,struct,False,40,"{""learning_rate"": 0.018418758468392325, ""loss"": ""squared_error"", ""max_depth"": 2, ""n_estimators"": 460, ""random_state"": 20260528, ""subsample"": 0.75}",ok,2.634392526775798,2.6051425193989886,1.7674802990854197,1.933185567376914,9.00874365177525,1.0,1.7498698275661897,2.7044082421307634,3.5966718185538684
PED,9,PED__HPO_trial0009__struct__HPO_Ridge_alpha0_00690155__ylag__w64,100009.28445852804,ridge,struct,True,64,"{""alpha"": 0.006901548813818125, ""random_state"": 20260529}",ok,9.284458528039446,8.65266592676365,-4.686768054442026,-4.224745944819196,26.828824812608243,1.0,3.381176612471336,9.112349982626393,16.406972042095653
PED,10,PED__HPO_trial0010__schiff__HPO_Ridge_alpha0_0018562__ylag__w52,5.387415099010496,ridge,schiff,True,52,"{""alpha"": 0.0018561979047249208, ""random_state"": 20260530}",ok,5.295879251499646,5.017340053225391,0.16068598737735648,0.7513618314975155,12.341253404761764,1.0,2.2244479935237327,5.296448138380465,8.902969091109819
PED,11,PED__HPO_trial0011__schiff_no_lead__HPO_GBR_learning_rate0_0214589_max_depth1_n_estimators260__noylag__w64,3.1952193472858146,gbr,schiff_no_lead,False,64,"{""learning_rate"": 0.02145886094380446, ""loss"": ""squared_error"", ""max_depth"": 1, ""n_estimators"": 260, ""random_state"": 20260531, ""subsample"": 0.85}",ok,2.7259360538247392,2.678830817626434,1.7004187567178604,1.8869652294553785,9.747033918740405,1.0,1.9498874729636726,2.782353815509302,3.5756942987054416
PED,12,PED__HPO_trial0012__diff__HPO_BayesianRidge__ylag__w64,4.384165469356,bayesian_ridge,diff,True,64,{},ok,4.037680716773578,4.025745190746473,0.7533342238106099,1.3074216381305694,11.68590931359136,1.0,2.294445046671331,4.7348623902414015,5.321710940873363
PED,13,PED__HPO_trial0013__struct__HPO_BayesianRidge__ylag__w52,4.6614748667577635,bayesian_ridge,struct,True,52,{},ok,4.370029604316609,4.325429694748953,-0.49525986216342266,-0.13082743565458774,12.010514878295284,1.0,2.002427304680142,4.407673281280737,7.109793992611429
PED,14,PED__HPO_trial0014__rich__HPO_Elastic_alpha0_152402_l1_ratio0_703346__noylag__w40,6.994057857294819,elastic_net,rich,False,40,"{""alpha"": 0.1524019947321103, ""l1_ratio"": 0.7033461833511983, ""max_iter"": 50000, ""random_state"": 20260534}",ok,6.527754245327573,6.656934823982849,6.51400416764171,6.656934823982849,12.015052881302001,1.0,5.731041548878923,6.485765238242512,7.509563467963594
PED,15,PED__HPO_trial0015__rich__HPO_BayesianRidge__ylag__wexp,4.310971622433462,bayesian_ridge,rich,True,expanding,{},ok,3.92850944308109,4.023929700678616,0.9741254505438149,1.5840795521301114,11.401264969129826,1.0,2.43334941455704,4.589494629074393,4.960793003037309
PED,16,PED__HPO_trial0016__rich__HPO_Elastic_alpha0_00332325_l1_ratio0_776177__noylag__w64,3.5631626588566943,elastic_net,rich,False,64,"{""alpha"": 0.0033232495240710616, ""l1_ratio"": 0.7761769174309225, ""max_iter"": 50000, ""random_state"": 20260536}",ok,3.363212093985604,3.393858180672897,0.27113414034229266,0.4344379295026872,8.870395370127481,1.0,2.224950089414591,3.501093411703402,4.549205386298728
PED,17,PED__HPO_trial0017__rich__HPO_GBR_learning_rate0_114276_max_depth2_n_estimators230__noylag__wexp,3.184114134405716,gbr,rich,False,expanding,"{""learning_rate"": 0.11427647369518369, ""loss"": ""squared_error"", ""max_depth"": 2, ""n_estimators"": 230, ""random_state"": 20260537, ""subsample"": 0.75}",ok,2.732215597201663,2.767782735835669,1.543409084252635,1.7827872424217062,9.471944193957839,1.0,1.7792888411009442,2.8585462577165717,3.7131642380893517
PED,18,PED__HPO_trial0018__schiff_no_lead__HPO_GBR_learning_rate0_0640186_max_depth2_n_estimators700__ylag__wexp,3.104600102613831,gbr,schiff_no_lead,True,expanding,"{""learning_rate"": 0.06401855723702238, ""loss"": ""squared_error"", ""max_depth"": 2, ""n_estimators"": 700, ""random_state"": 20260538, ""subsample"": 0.85}",ok,2.7432323196126784,2.7727439683290664,1.5130653023903768,1.714044384763424,8.409339590379318,1.0,1.742422679053689,2.883805471597777,3.7648254293649535
PED,19,PED__HPO_trial0019__schiff__HPO_GBR_learning_rate0_116788_max_depth1_n_estimators550__ylag__wexp,2.932787220779705,gbr,schiff,True,expanding,"{""learning_rate"": 0.1167879763718608, ""loss"": ""squared_error"", ""max_depth"": 1, ""n_estimators"": 550, ""random_state"": 20260539, ""subsample"": 1.0}",ok,2.6000718221766297,2.630740366616777,1.3511280945108424,1.5909248024720153,7.923619535170451,1.0,1.7096471453522974,2.7478559667932756,3.4841086492631708
PED,20,PED__HPO_trial0020__struct__HPO_Elastic_alpha0_00508201_l1_ratio0_835506__ylag__w52,3.2729691662918463,elastic_net,struct,True,52,"{""alpha"": 0.0050820050106876215, ""l1_ratio"": 0.8355059748877437, ""max_iter"": 50000, ""random_state"": 20260540}",ok,2.7995385532795467,2.9088232178958244,1.4639571312842843,1.7245783179444634,9.752469810233793,1.0,1.711766995988003,2.9585051747150737,3.9031321780497494
PED,21,PED__HPO_trial0021__schiff__HPO_GBR_learning_rate0_0869807_max_depth1_n_estimators490__noylag__w40,3.0404139624323463,gbr,schiff,False,40,"{""learning_rate"": 0.08698072385706239, ""loss"": ""squared_error"", ""max_depth"": 1, ""n_estimators"": 490, ""random_state"": 20260541, ""subsample"": 0.95}",ok,2.5806710142928804,2.642150143577169,1.7287368411718271,1.9531247308946933,9.010324433625458,1.0,1.732546097682015,2.677398697471944,3.470941390322225
PED,22,PED__HPO_trial0022__schiff__HPO_GBR_learning_rate0_0927139_max_depth1_n_estimators510__noylag__w40,3.028481876638397,gbr,schiff,False,40,"{""learning_rate"": 0.09271392724668978, ""loss"": ""squared_error"", ""max_depth"": 1, ""n_estimators"": 510, ""random_state"": 20260542, ""subsample"": 0.95}",ok,2.577921796263006,2.6405849525795744,1.6935803873063888,1.9100433632957874,8.921940530041448,1.0,1.7111308333064752,2.670800003017545,3.4943334628141196
PED,23,PED__HPO_trial0023__schiff__HPO_GBR_learning_rate0_0988251_max_depth1_n_estimators520__ylag__wexp,3.0960735521305858,gbr,schiff,True,expanding,"{""learning_rate"": 0.09882510379467828, ""loss"": ""squared_error"", ""max_depth"": 1, ""n_estimators"": 520, ""random_state"": 20260543, ""subsample"": 0.95}",ok,2.7630608663986216,2.793168839904559,1.4416258624896763,1.680858832648758,8.16435751481579,1.0,1.8670130970786663,2.91762737681582,3.646274290381001
PED,24,PED__HPO_trial0024__schiff__HPO_GBR_learning_rate0_0945619_max_depth1_n_estimators340__noylag__w40,3.134659542717681,gbr,schiff,False,40,"{""learning_rate"": 0.09456191687592305, ""loss"": ""squared_error"", ""max_depth"": 1, ""n_estimators"": 340, ""random_state"": 20260544, ""subsample"": 0.95}",ok,2.673692804626402,2.7487677902806404,1.8997252012775738,2.10738575284527,9.00328842356706,1.0,1.846910605049694,2.8053642615857464,3.5006222052372222
PED,25,PED__HPO_trial0025__schiff__HPO_GBR_learning_rate0_11253_max_depth1_n_estimators620__noylag__wexp,2.983849955276012,gbr,schiff,False,expanding,"{""learning_rate"": 0.11253047896639531, ""loss"": ""squared_error"", ""max_depth"": 1, ""n_estimators"": 620, ""random_state"": 20260545, ""subsample"": 1.0}",ok,2.5552616114054714,2.5612893482076333,1.5127877302246584,1.7443062458772713,8.93851351476209,1.0,1.666935909747155,2.625986680488634,3.5212310107066944
PED,26,PED__HPO_trial0026__schiff__HPO_GBR_learning_rate0_109148_max_depth1_n_estimators620__ylag__wexp,2.9528450926789276,gbr,schiff,True,expanding,"{""learning_rate"": 0.10914762114692962, ""loss"": ""squared_error"", ""max_depth"": 1, ""n_estimators"": 620, ""random_state"": 20260546, ""subsample"": 1.0}",ok,2.6329918264443934,2.6743524870068756,1.363344960900135,1.5959938529136846,7.7870627033735005,1.0,1.7194736460857205,2.7825281521765244,3.5422353005876457
PED,27,PED__HPO_trial0027__schiff__HPO_GBR_learning_rate0_117251_max_depth1_n_estimators560__ylag__wexp,2.910662818720658,gbr,schiff,True,expanding,"{""learning_rate"": 0.11725130793996114, ""loss"": ""squared_error"", ""max_depth"": 1, ""n_estimators"": 560, ""random_state"": 20260547, ""subsample"": 1.0}",ok,2.5741526087604414,2.610967324733561,1.3707986644427046,1.608596876005499,7.882643708654801,1.0,1.6855389127263591,2.7298850107369246,3.4473570178103543
PED,28,PED__HPO_trial0028__schiff__HPO_GBR_learning_rate0_0809335_max_depth1_n_estimators560__ylag__wexp,2.9931416287214407,gbr,schiff,True,expanding,"{""learning_rate"": 0.08093347823383447, ""loss"": ""squared_error"", ""max_depth"": 1, ""n_estimators"": 560, ""random_state"": 20260548, ""subsample"": 1.0}",ok,2.680533613007594,2.700330846491484,1.4145861712546024,1.6276846019946394,7.799638859102968,1.0,1.7715392333930176,2.819297179587176,3.596262152650255
PED,29,PED__HPO_trial0029__diff__HPO_Ridge_alpha0_00070174__ylag__wexp,7.0569049062922,ridge,diff,True,expanding,"{""alpha"": 0.0007017399514401069, ""random_state"": 20260549}",ok,6.906303248112073,6.914200546310884,-1.039778233290522,-0.421563975881205,14.633631420138471,1.0,3.2712595766078154,8.124717662148399,9.84158320244237
PED,30,PED__HPO_trial0030__schiff__HPO_GBR_learning_rate0_0318077_max_depth1_n_estimators560__ylag__wexp,2.9954577985552606,gbr,schiff,True,expanding,"{""learning_rate"": 0.03180772054330857, ""loss"": ""squared_error"", ""max_depth"": 1, ""n_estimators"": 560, ""random_state"": 20260550, ""subsample"": 1.0}",ok,2.6887574069641254,2.661835967106223,1.4027578617290566,1.6037150610365596,7.882545806697615,1.0,1.7971328955593262,2.8116125483241916,3.601506757600802
PED,31,PED__HPO_trial0031__schiff__HPO_GBR_learning_rate0_119283_max_depth1_n_estimators330__ylag__wexp,3.1071182765099015,gbr,schiff,True,expanding,"{""learning_rate"": 0.11928264186575553, ""loss"": ""squared_error"", ""max_depth"": 1, ""n_estimators"": 330, ""random_state"": 20260551, ""subsample"": 1.0}",ok,2.7594994301002007,2.802669418110506,1.4824310947445467,1.6959991138982222,8.263085878548775,1.0,1.828599212585269,2.980286436875398,3.6111234400782357
PED,32,PED__HPO_trial0032__diff__HPO_GBR_learning_rate0_101501_max_depth1_n_estimators650__ylag__wexp,3.007493606129105,gbr,diff,True,expanding,"{""learning_rate"": 0.10150139110406203, ""loss"": ""squared_error"", ""max_depth"": 1, ""n_estimators"": 650, ""random_state"": 20260552, ""subsample"": 1.0}",ok,2.635037979965678,2.5889709227361597,1.5500382431648314,1.809559365752365,8.502417451190537,1.0,1.7548844780187662,2.7218946348981485,3.573740360183629
PED,33,PED__HPO_trial0033__schiff__HPO_Elastic_alpha0_0488672_l1_ratio0_768733__ylag__wexp,100009.13270150615,elastic_net,schiff,True,expanding,"{""alpha"": 0.04886717765815693, ""l1_ratio"": 0.7687331610431242, ""max_iter"": 50000, ""random_state"": 20260553}",ok,9.132701506161114,9.387769842218912,9.132701506161114,9.387769842218912,16.011572665972352,1.0,7.8983454319078685,9.447806058502263,10.237465559862729
PED,34,PED__HPO_trial0034__schiff__HPO_Ridge_alpha0_579425__ylag__wexp,3.7068936172627818,ridge,schiff,True,expanding,"{""alpha"": 0.5794248967678817, ""random_state"": 20260554}",ok,3.397892397866863,3.553284302979634,0.36396173999122095,0.5808694422993665,9.867010559131375,1.0,2.3286094988746684,3.7129155300662164,4.308850150306025
PED,35,PED__HPO_trial0035__diff__HPO_GBR_learning_rate0_0328771_max_depth1_n_estimators540__ylag__w64,2.9609335331737947,gbr,diff,True,64,"{""learning_rate"": 0.03287706591040032, ""loss"": ""squared_error"", ""max_depth"": 1, ""n_estimators"": 540, ""random_state"": 20260555, ""subsample"": 1.0}",ok,2.6079885836829497,2.5430073932372177,1.5214147766909265,1.7572894365560598,8.285072533036296,1.0,1.7226413489996313,2.6894127302331605,3.5587414289940758
LIGHT_RUC,1,LIGHT_RUC__HPO_trial0001__dynamic_no_leads__HPO_Elastic_alpha0_0465482_l1_ratio0_228474__noylag__w36,1000000.0,elastic_net,dynamic_no_leads,False,36,"{""alpha"": 0.046548242323191935, ""l1_ratio"": 0.22847409166413934, ""max_iter"": 50000, ""random_state"": 20260521}",failed_or_empty,,,,,,,,,
LIGHT_RUC,2,LIGHT_RUC__HPO_trial0002__rich__HPO_RESID_Elastic_alpha0_00100086_l1_ratio0_4613__ylag__w52,100020.33214193478,resid_elastic_net,rich,True,52,"{""alpha"": 0.0010008574075379317, ""l1_ratio"": 0.4612999628000767, ""max_iter"": 50000, ""random_state"": 20260522}",ok,20.332141934775944,20.997127096469946,13.99798707577338,14.700833840768912,51.408721243023535,1.0,12.93180893999171,20.952319057280807,28.91886990490641
LIGHT_RUC,3,LIGHT_RUC__HPO_trial0003__schiff__HPO_GBR_learning_rate0_0203693_max_depth1_n_estimators80__noylag__w44,14.937746495860893,gbr,schiff,False,44,"{""learning_rate"": 0.020369263946162553, ""loss"": ""squared_error"", ""max_depth"": 1, ""n_estimators"": 80, ""random_state"": 20260523, ""subsample"": 0.75}",ok,13.722777010193443,14.109184148439121,-11.360828464454212,-11.891132997121431,23.985781137976993,1.0,11.38252437056301,14.501048495632734,15.774831423065958
LIGHT_RUC,4,LIGHT_RUC__HPO_trial0004__price_distributed_lags__HPO_BayesianRidge__noylag__w44,17.32807753028492,bayesian_ridge,price_distributed_lags,False,44,{},ok,16.373046357408917,13.060744096574956,-7.599205886601075,-8.780484461454005,44.18436853421423,1.0,17.74740351352813,14.843903548220277,16.389621036939293
LIGHT_RUC,5,LIGHT_RUC__HPO_trial0005__dynamic_no_leads__HPO_RESID_Ridge_alpha28_2306__ylag__w36,1000000.0,resid_ridge,dynamic_no_leads,True,36,"{""alpha"": 28.230648125000968, ""random_state"": 20260525}",failed_or_empty,,,,,,,,,
LIGHT_RUC,6,LIGHT_RUC__HPO_trial0006__dynamic_no_leads__HPO_GBR_learning_rate0_104253_max_depth2_n_estimators270__ylag__w44,10.812831854249062,gbr,dynamic_no_leads,True,44,"{""learning_rate"": 0.10425339376213953, ""loss"": ""squared_error"", ""max_depth"": 2, ""n_estimators"": 270, ""random_state"": 20260526, ""subsample"": 0.75}",ok,10.575330979499569,9.237698609599208,-2.9344175933768377,-3.2703893607832497,21.31213158835552,1.0,8.87449240093191,10.768564261262378,12.491071733831562
LIGHT_RUC,7,LIGHT_RUC__HPO_trial0007__dynamic_pruned__HPO_Elastic_alpha27_7241_l1_ratio0_533687__ylag__w52,100021.6353926218,elastic_net,dynamic_pruned,True,52,"{""alpha"": 27.72405567834099, ""l1_ratio"": 0.5336865071084467, ""max_iter"": 50000, ""random_state"": 20260527}",ok,21.635392621795493,21.78129256609099,-20.820904905245495,-21.78129256609099,30.014082804807305,1.0,19.648173079566224,21.709085971744916,24.046994508606172
LIGHT_RUC,8,LIGHT_RUC__HPO_trial0008__diff__HPO_Huber_alpha35_519_epsilon1_16869__ylag__w40,17.159182645507126,huber,diff,True,40,"{""alpha"": 35.51901873844382, ""epsilon"": 1.1686864910347114, ""max_iter"": 5000}",ok,16.509005195027772,13.586266808118694,4.61653681779321,4.07033965950181,40.40121689398906,1.0,13.977534337880906,17.79170666695556,18.22637854762009
LIGHT_RUC,9,LIGHT_RUC__HPO_trial0009__schiff_no_lead__HPO_Ridge_alpha0_376836__noylag__w52,19.888923081315266,ridge,schiff_no_lead,False,52,"{""alpha"": 0.37683611468975997, ""random_state"": 20260529}",ok,18.355049779137783,16.83925868436836,10.178295495806868,9.578025677938374,39.308348605584285,1.0,12.89164692155707,19.9292985779514,23.422155899312
LIGHT_RUC,10,LIGHT_RUC__HPO_trial0010__dynamic_no_leads__HPO_RESID_Ridge_alpha0_836431__ylag__w36,1000000.0,resid_ridge,dynamic_no_leads,True,36,"{""alpha"": 0.8364311089435025, ""random_state"": 20260530}",failed_or_empty,,,,,,,,,
LIGHT_RUC,11,LIGHT_RUC__HPO_trial0011__diff__HPO_RESID_Elastic_alpha0_0791969_l1_ratio0_908545__ylag__w36,1000000.0,resid_elastic_net,diff,True,36,"{""alpha"": 0.07919693173047676, ""l1_ratio"": 0.9085453762776147, ""max_iter"": 50000, ""random_state"": 20260531}",failed_or_empty,,,,,,,,,
LIGHT_RUC,12,LIGHT_RUC__HPO_trial0012__rich__HPO_Huber_alpha0_730204_epsilon1_84275__ylag__w36,1000000.0,huber,rich,True,36,"{""alpha"": 0.7302037656374321, ""epsilon"": 1.8427469030710522, ""max_iter"": 5000}",failed_or_empty,,,,,,,,,
LIGHT_RUC,13,LIGHT_RUC__HPO_trial0013__schiff__HPO_RESID_Elastic_alpha0_0321966_l1_ratio0_47553__noylag__w40,16.285151099501217,resid_elastic_net,schiff,False,40,"{""alpha"": 0.03219656732791754, ""l1_ratio"": 0.4755303264770816, ""max_iter"": 50000, ""random_state"": 20260533}",ok,14.831535244857545,14.137760256966796,4.999401808869858,3.544414347283989,35.85706646389116,1.0,11.876807988384916,15.35626411753592,17.94417610737572
LIGHT_RUC,14,LIGHT_RUC__HPO_trial0014__schiff__HPO_GBR_learning_rate0_0279245_max_depth3_n_estimators280__noylag__w40,13.683776015471421,gbr,schiff,False,40,"{""learning_rate"": 0.027924513642791676, ""loss"": ""squared_error"", ""max_depth"": 3, ""n_estimators"": 280, ""random_state"": 20260534, ""subsample"": 0.95}",ok,12.990272286900925,11.53804786853716,-6.356566343975681,-5.418820539080527,28.579989117116238,1.0,10.750729512669517,14.295695718579998,14.315145813789798
LIGHT_RUC,15,LIGHT_RUC__HPO_trial0015__diff__HPO_RESID_Elastic_alpha0_000681638_l1_ratio0_569981__noylag__w36,1000000.0,resid_elastic_net,diff,False,36,"{""alpha"": 0.0006816377740974061, ""l1_ratio"": 0.569981032538966, ""max_iter"": 50000, ""random_state"": 20260535}",failed_or_empty,,,,,,,,,
LIGHT_RUC,16,LIGHT_RUC__HPO_trial0016__schiff__HPO_Huber_alpha0_0299365_epsilon1_57985__ylag__w44,13.90299547076715,huber,schiff,True,44,"{""alpha"": 0.029936530801905843, ""epsilon"": 1.579848083511901, ""max_iter"": 5000}",ok,13.43883101413173,11.16479251425815,2.1581698422925606,1.9879131672137302,31.637119883900965,1.0,11.47496162313349,13.263240343906343,16.1051772921538
LIGHT_RUC,17,LIGHT_RUC__HPO_trial0017__diff__HPO_Huber_alpha0_000750589_epsilon1_77025__ylag__w52,100034.97238362688,huber,diff,True,52,"{""alpha"": 0.0007505886322507366, ""epsilon"": 1.7702456053743054, ""max_iter"": 5000}",ok,34.97238362688638,15.115748399933137,15.291413279416046,2.372884747876408,51.87262944741545,1.0,51.02725131960604,25.267486703555868,25.869525344010434
LIGHT_RUC,18,LIGHT_RUC__HPO_trial0018__price_distributed_lags__HPO_Huber_alpha0_0308907_epsilon1_29157__ylag__w52,21.511626041271512,huber,price_distributed_lags,True,52,"{""alpha"": 0.030890712577657638, ""epsilon"": 1.2915656793626464, ""max_iter"": 5000}",ok,19.40954354738956,18.257077862161914,0.8728304679691944,2.9145919352571084,51.0512284642105,1.0,16.20696746922413,16.995776469274542,26.181955060146972
LIGHT_RUC,19,LIGHT_RUC__HPO_trial0019__dynamic_no_leads__HPO_RESID_Elastic_alpha74_5334_l1_ratio0_497962__ylag__w44,16.233606486940197,resid_elastic_net,dynamic_no_leads,True,44,"{""alpha"": 74.53336631289443, ""l1_ratio"": 0.4979618928709685, ""max_iter"": 50000, ""random_state"": 20260539}",ok,15.263938948892894,13.47013221608742,5.765784230117637,3.746504845800304,34.9715947816049,1.0,12.37673757720019,15.749852922871362,18.336010794159428
LIGHT_RUC,20,LIGHT_RUC__HPO_trial0020__dynamic_no_leads__HPO_RESID_Ridge_alpha32_5938__noylag__w40,18.139335923853114,resid_ridge,dynamic_no_leads,False,40,"{""alpha"": 32.593837850412136, ""random_state"": 20260540}",ok,15.922050806303004,16.797728486208744,7.235925928255159,7.248976838615338,37.9477708938511,1.0,13.046454378192285,16.079081295367093,19.354323205229484
LIGHT_RUC,21,LIGHT_RUC__HPO_trial0021__schiff__HPO_GBR_learning_rate0_0603554_max_depth2_n_estimators200__noylag__w40,12.578648165302344,gbr,schiff,False,40,"{""learning_rate"": 0.060355353104603285, ""loss"": ""squared_error"", ""max_depth"": 2, ""n_estimators"": 200, ""random_state"": 20260541, ""subsample"": 0.95}",ok,12.219705208302125,10.6142792256342,-6.229133081490193,-5.996528143996968,24.47256705320894,1.0,10.138420214741172,13.35245853441213,13.542600014648665
LIGHT_RUC,22,LIGHT_RUC__HPO_trial0022__schiff_no_lead__HPO_RESID_GBR_learning_rate0_0597467_max_depth2_n_estimators190__noylag__w40,16.129459579096753,resid_gbr,schiff_no_lead,False,40,"{""learning_rate"": 0.05974673081647764, ""loss"": ""squared_error"", ""max_depth"": 2, ""n_estimators"": 190, ""random_state"": 20260542, ""subsample"": 0.95}",ok,14.217199830211246,14.586688244557367,5.027235899458068,4.6443238187021825,33.989715130730126,1.0,10.031861915230673,14.847145574289128,18.755360433679495
LIGHT_RUC,23,LIGHT_RUC__HPO_trial0023__dynamic_pruned__HPO_GBR_learning_rate0_0618327_max_depth2_n_estimators210__noylag__w44,11.28124450523191,gbr,dynamic_pruned,False,44,"{""learning_rate"": 0.061832719345481006, ""loss"": ""squared_error"", ""max_depth"": 2, ""n_estimators"": 210, ""random_state"": 20260543, ""subsample"": 0.95}",ok,10.954844587508884,9.71609088696467,-3.2919569613507713,-3.441617660360706,23.04067547615132,1.0,9.323270224426663,11.641165284091333,12.221712063646098
LIGHT_RUC,24,LIGHT_RUC__HPO_trial0024__dynamic_pruned__HPO_GBR_learning_rate0_0728481_max_depth2_n_estimators130__noylag__w44,11.1598730708532,gbr,dynamic_pruned,False,44,"{""learning_rate"": 0.07284812851847206, ""loss"": ""squared_error"", ""max_depth"": 2, ""n_estimators"": 130, ""random_state"": 20260544, ""subsample"": 0.95}",ok,10.930876779522226,9.206059191161318,-4.037221461476512,-4.36306574619953,22.26672553403958,1.0,9.565458803609559,10.729211841629885,12.875391957568933
LIGHT_RUC,25,LIGHT_RUC__HPO_trial0025__dynamic_pruned__HPO_GBR_learning_rate0_0706532_max_depth2_n_estimators100__ylag__w44,11.100288373353646,gbr,dynamic_pruned,True,44,"{""learning_rate"": 0.07065322838208574, ""loss"": ""squared_error"", ""max_depth"": 2, ""n_estimators"": 100, ""random_state"": 20260545, ""subsample"": 0.75}",ok,10.77272192502419,9.373967448026642,-3.990227802038023,-4.2910557167255,21.676997213007585,1.0,9.31188156235784,10.51552834908259,12.90034668793399
LIGHT_RUC,26,LIGHT_RUC__HPO_trial0026__dynamic_pruned__HPO_BayesianRidge__ylag__w44,13.779380096355096,bayesian_ridge,dynamic_pruned,True,44,{},ok,14.699321276493786,9.711239946188691,1.279641798606297,-0.8504916082488396,34.67512375769152,1.0,17.825373731233256,12.336592544420435,13.465992795462695
LIGHT_RUC,27,LIGHT_RUC__HPO_trial0027__dynamic_pruned__HPO_RESID_GBR_learning_rate0_0531612_max_depth2_n_estimators80__ylag__w44,16.2680435375295,resid_gbr,dynamic_pruned,True,44,"{""learning_rate"": 0.05316124243162126, ""loss"": ""squared_error"", ""max_depth"": 2, ""n_estimators"": 80, ""random_state"": 20260547, ""subsample"": 0.75}",ok,15.174251745348325,13.498306211572498,5.852184701639962,3.9937292263206663,36.03352905089619,1.0,12.145947596369233,16.14619424556777,17.869675967072
LIGHT_RUC,28,LIGHT_RUC__HPO_trial0028__rich__HPO_Ridge_alpha6_25037__ylag__w44,17.162552429585716,ridge,rich,True,44,"{""alpha"": 6.250368502103002, ""random_state"": 20260548}",ok,15.751474483084957,13.614648743594918,8.872916546652744,10.406788646402946,41.721242525131984,1.0,13.776043141980281,17.26368780943814,16.509028888395335
LIGHT_RUC,29,LIGHT_RUC__HPO_trial0029__dynamic_no_leads__HPO_GBR_learning_rate0_105584_max_depth2_n_estimators160__ylag__w44,11.06213868715978,gbr,dynamic_no_leads,True,44,"{""learning_rate"": 0.10558417512512776, ""loss"": ""squared_error"", ""max_depth"": 2, ""n_estimators"": 160, ""random_state"": 20260549, ""subsample"": 0.75}",ok,10.770599358234174,9.559183948298474,-3.261283578173055,-3.232193417159808,21.577942334728164,1.0,8.755163883837518,11.357753431795949,12.63252880039446
LIGHT_RUC,30,LIGHT_RUC__HPO_trial0030__dynamic_no_leads__HPO_Elastic_alpha0_120687_l1_ratio0_754351__ylag__w44,16.916430414382017,elastic_net,dynamic_no_leads,True,44,"{""alpha"": 0.12068694856472167, ""l1_ratio"": 0.7543509599046366, ""max_iter"": 50000, ""random_state"": 20260550}",ok,15.520303159758415,15.914310074291608,-12.929250010212959,-13.700893187293076,28.445758533594613,1.0,14.05844705390217,15.837645333341435,16.994499978611188
LIGHT_RUC,31,LIGHT_RUC__HPO_trial0031__dynamic_no_leads__HPO_GBR_learning_rate0_111696_max_depth2_n_estimators170__ylag__w44,11.289154196923,gbr,dynamic_no_leads,True,44,"{""learning_rate"": 0.11169555955450622, ""loss"": ""squared_error"", ""max_depth"": 2, ""n_estimators"": 170, ""random_state"": 20260551, ""subsample"": 0.85}",ok,10.807526529500274,10.23741732351377,-2.7222094029466546,-2.622236707364165,22.204889670378016,1.0,8.811796191916175,11.671900149785122,12.328808641955714
LIGHT_RUC,32,LIGHT_RUC__HPO_trial0032__dynamic_no_leads__HPO_GBR_learning_rate0_0914503_max_depth2_n_estimators320__ylag__w44,11.306368478341959,gbr,dynamic_no_leads,True,44,"{""learning_rate"": 0.09145031206486971, ""loss"": ""squared_error"", ""max_depth"": 2, ""n_estimators"": 320, ""random_state"": 20260552, ""subsample"": 0.75}",ok,11.00695981454786,9.930554124531726,-2.464662356710072,-2.6422631731920108,22.75735125710839,1.0,9.457285567209468,11.44428045053748,12.454720237635813
LIGHT_RUC,33,LIGHT_RUC__HPO_trial0033__dynamic_no_leads__HPO_BayesianRidge__ylag__w44,14.076732199324576,bayesian_ridge,dynamic_no_leads,True,44,{},ok,14.945005481483811,10.086224280496364,0.41474353315099954,-1.7870318354571146,36.24978488403357,1.0,17.595636983788605,13.372000067908086,13.408799996385016
LIGHT_RUC,34,LIGHT_RUC__HPO_trial0034__price_distributed_lags__HPO_GBR_learning_rate0_0986276_max_depth2_n_estimators150__ylag__w44,11.61289988620376,gbr,price_distributed_lags,True,44,"{""learning_rate"": 0.09862760133916432, ""loss"": ""squared_error"", ""max_depth"": 2, ""n_estimators"": 150, ""random_state"": 20260554, ""subsample"": 0.85}",ok,10.957756176987127,10.2362588185563,-5.751933642740659,-6.306150327625766,22.316291959939225,1.0,9.204641080319014,11.56564551350441,12.466631473050635
LIGHT_RUC,35,LIGHT_RUC__HPO_trial0035__dynamic_no_leads__HPO_Elastic_alpha5_40762_l1_ratio0_408348__ylag__w44,100020.66726121338,elastic_net,dynamic_no_leads,True,44,"{""alpha"": 5.4076155951302125, ""l1_ratio"": 0.4083484263038828, ""max_iter"": 50000, ""random_state"": 20260555}",ok,20.66726121338938,20.836052673399745,-19.645350371910787,-20.74458748282799,29.508743622894002,1.0,18.464989942862093,20.79141777987356,23.291423465732386
LIGHT_RUC,36,LIGHT_RUC__HPO_trial0036__schiff_no_lead__HPO_Ridge_alpha12_7174__ylag__w52,15.060999334105285,ridge,schiff_no_lead,True,52,"{""alpha"": 12.71743138703717, ""random_state"": 20260556}",ok,13.180733844468524,13.11909483971749,5.25401058889689,5.758618835497382,33.04002463292716,1.0,8.373646872728093,14.460388209135692,17.759329951568336
LIGHT_RUC,37,LIGHT_RUC__HPO_trial0037__rich__HPO_RESID_GBR_learning_rate0_0827007_max_depth2_n_estimators400__ylag__w44,15.628543346950794,resid_gbr,rich,True,44,"{""learning_rate"": 0.08270070481354362, ""loss"": ""squared_error"", ""max_depth"": 2, ""n_estimators"": 400, ""random_state"": 20260557, ""subsample"": 0.75}",ok,14.630562188245278,12.954745676649448,5.312533807928147,3.479197132379777,34.79724976289854,1.0,11.805093698985884,15.575825373492009,17.101664568313133
LIGHT_RUC,38,LIGHT_RUC__HPO_trial0038__dynamic_no_leads__HPO_GBR_learning_rate0_0958639_max_depth3_n_estimators460__ylag__w36,1000000.0,gbr,dynamic_no_leads,True,36,"{""learning_rate"": 0.09586390740990988, ""loss"": ""squared_error"", ""max_depth"": 3, ""n_estimators"": 460, ""random_state"": 20260558, ""subsample"": 0.75}",failed_or_empty,,,,,,,,,
LIGHT_RUC,39,LIGHT_RUC__HPO_trial0039__price_distributed_lags__HPO_RESID_Ridge_alpha0_0015402__ylag__w52,100037.56337585022,resid_ridge,price_distributed_lags,True,52,"{""alpha"": 0.0015401986642444591, ""random_state"": 20260559}",ok,37.56337585022704,33.41766055160881,22.59579473954931,29.251507666394094,83.17894243908448,1.0,25.65800605684998,39.35398890130239,50.4738393232426
LIGHT_RUC,40,LIGHT_RUC__HPO_trial0040__dynamic_no_leads__HPO_BayesianRidge__ylag__w44,14.076732199324576,bayesian_ridge,dynamic_no_leads,True,44,{},ok,14.945005481483811,10.086224280496364,0.41474353315099954,-1.7870318354571146,36.24978488403357,1.0,17.595636983788605,13.372000067908086,13.408799996385016
LIGHT_RUC,41,LIGHT_RUC__HPO_trial0041__schiff_no_lead__HPO_GBR_learning_rate0_0505294_max_depth2_n_estimators180__ylag__w36,1000000.0,gbr,schiff_no_lead,True,36,"{""learning_rate"": 0.05052936196212339, ""loss"": ""squared_error"", ""max_depth"": 2, ""n_estimators"": 180, ""random_state"": 20260561, ""subsample"": 0.75}",failed_or_empty,,,,,,,,,
LIGHT_RUC,42,LIGHT_RUC__HPO_trial0042__dynamic_no_leads__HPO_Elastic_alpha2_07156_l1_ratio0_37939__ylag__w44,100020.66726121338,elastic_net,dynamic_no_leads,True,44,"{""alpha"": 2.0715559728649957, ""l1_ratio"": 0.3793902536559822, ""max_iter"": 50000, ""random_state"": 20260562}",ok,20.66726121338938,20.836052673399745,-19.645350371910787,-20.74458748282799,29.508743622894002,1.0,18.464989942862093,20.79141777987356,23.291423465732386
LIGHT_RUC,43,LIGHT_RUC__HPO_trial0043__rich__HPO_Ridge_alpha0_148319__ylag__w52,15.936597831655316,ridge,rich,True,52,"{""alpha"": 0.14831891754788132, ""random_state"": 20260563}",ok,14.654235778052918,11.802440763725826,9.718592660141693,9.35302727163975,40.96749954162331,1.0,13.843451213690111,15.434421903978773,14.783381040965121
LIGHT_RUC,44,LIGHT_RUC__HPO_trial0044__diff__HPO_GBR_learning_rate0_0862321_max_depth1_n_estimators430__ylag__w40,11.549888385318305,gbr,diff,True,40,"{""learning_rate"": 0.08623209093148383, ""loss"": ""squared_error"", ""max_depth"": 1, ""n_estimators"": 430, ""random_state"": 20260564, ""subsample"": 0.75}",ok,11.009514526652604,10.061163410907415,-5.070818546079014,-5.548198361016383,22.25896979616629,1.0,8.833675188540994,11.84999295554361,12.784209439265801
LIGHT_RUC,45,LIGHT_RUC__HPO_trial0045__dynamic_no_leads__HPO_RESID_Ridge_alpha0_477053__ylag__w36,1000000.0,resid_ridge,dynamic_no_leads,True,36,"{""alpha"": 0.47705278653287064, ""random_state"": 20260565}",failed_or_empty,,,,,,,,,
LIGHT_RUC,46,LIGHT_RUC__HPO_trial0046__price_distributed_lags__HPO_GBR_learning_rate0_0397489_max_depth2_n_estimators140__noylag__w44,12.2573225207781,gbr,price_distributed_lags,False,44,"{""learning_rate"": 0.03974886187113638, ""loss"": ""squared_error"", ""max_depth"": 2, ""n_estimators"": 140, ""random_state"": 20260566, ""subsample"": 0.75}",ok,11.304285857301414,10.535889206139327,-6.797573010389134,-7.483171535585218,23.947946201953652,1.0,9.61505325729223,10.89549996736923,13.891473508631028
LIGHT_RUC,47,LIGHT_RUC__HPO_trial0047__schiff__HPO_RESID_Elastic_alpha1_36951_l1_ratio0_76765__ylag__w44,16.233606486940197,resid_elastic_net,schiff,True,44,"{""alpha"": 1.3695071841567459, ""l1_ratio"": 0.7676497009934096, ""max_iter"": 50000, ""random_state"": 20260567}",ok,15.263938948892894,13.47013221608742,5.765784230117637,3.746504845800304,34.9715947816049,1.0,12.37673757720019,15.749852922871362,18.336010794159428
LIGHT_RUC,48,LIGHT_RUC__HPO_trial0048__dynamic_no_leads__HPO_RESID_GBR_learning_rate0_0751474_max_depth2_n_estimators230__ylag__w52,21.28344586934656,resid_gbr,dynamic_no_leads,True,52,"{""learning_rate"": 0.07514741796069209, ""loss"": ""squared_error"", ""max_depth"": 2, ""n_estimators"": 230, ""random_state"": 20260568, ""subsample"": 0.75}",ok,18.92750613480475,18.0560738580709,11.854279348923036,11.61605490613738,43.697102121235666,1.0,12.595293156088704,20.486069779218568,25.103549908627777
LIGHT_RUC,49,LIGHT_RUC__HPO_trial0049__diff__HPO_Huber_alpha0_0023544_epsilon1_71952__noylag__w36,1000000.0,huber,diff,False,36,"{""alpha"": 0.0023543988816736596, ""epsilon"": 1.7195222059093482, ""max_iter"": 5000}",failed_or_empty,,,,,,,,,
LIGHT_RUC,50,LIGHT_RUC__HPO_trial0050__schiff_no_lead__HPO_BayesianRidge__ylag__w40,13.368643118642769,bayesian_ridge,schiff_no_lead,True,40,{},ok,12.512394050003506,11.118270700100288,4.7009599034683625,4.65388491849446,28.7466514922202,1.0,10.033627007961183,12.818106744359262,15.276894009232647
LIGHT_RUC,51,LIGHT_RUC__HPO_trial0051__dynamic_no_leads__HPO_GBR_learning_rate0_0664503_max_depth2_n_estimators240__ylag__w44,11.43741679070952,gbr,dynamic_no_leads,True,44,"{""learning_rate"": 0.06645034218423708, ""loss"": ""squared_error"", ""max_depth"": 2, ""n_estimators"": 240, ""random_state"": 20260571, ""subsample"": 0.85}",ok,11.204171225523021,10.164976225760542,-2.5017192826788133,-2.464003525383046,22.47934347379877,1.0,9.05391993246013,12.438498464247907,12.497927856403875
LIGHT_RUC,52,LIGHT_RUC__HPO_trial0052__rich__HPO_Elastic_alpha18_4465_l1_ratio0_815854__noylag__w40,21.219047239282933,elastic_net,rich,False,40,"{""alpha"": 18.44647773684562, ""l1_ratio"": 0.8158541419364083, ""max_iter"": 50000, ""random_state"": 20260572}",ok,19.94370817699864,20.224390201882517,-18.718027628939065,-19.891231429972212,29.508743622894002,1.0,17.66324654520219,20.10607114156393,22.622525452657
LIGHT_RUC,53,LIGHT_RUC__HPO_trial0053__schiff__HPO_RESID_Elastic_alpha0_0445756_l1_ratio0_680712__ylag__w44,16.266200268281,resid_elastic_net,schiff,True,44,"{""alpha"": 0.044575571586781215, ""l1_ratio"": 0.6807119151807619, ""max_iter"": 50000, ""random_state"": 20260573}",ok,15.338015724667448,13.47013221608742,5.839861005892192,3.746504845800304,34.9715947816049,1.0,12.534333725754184,15.796894091058492,18.336010794159428
LIGHT_RUC,54,LIGHT_RUC__HPO_trial0054__dynamic_no_leads__HPO_RESID_Ridge_alpha0_000762593__noylag__w52,100025.82750547712,resid_ridge,dynamic_no_leads,False,52,"{""alpha"": 0.0007625934270053477, ""random_state"": 20260574}",ok,25.827505477129215,27.449821159888472,12.774436745953535,17.047472717556566,44.21710572191694,1.0,14.096491303881251,38.66235344952458,25.9337197726645
LIGHT_RUC,55,LIGHT_RUC__HPO_trial0055__diff__HPO_Ridge_alpha50_8__ylag__w36,1000000.0,ridge,diff,True,36,"{""alpha"": 50.799982599219135, ""random_state"": 20260575}",failed_or_empty,,,,,,,,,
HEAVY_RUC,1,HEAVY_RUC__HPO_trial0001__schiff_no_lead__HPO_Elastic_alpha0_333622_l1_ratio0_105282__ylag__w40,6.610598661525484,elastic_net,schiff_no_lead,True,40,"{""alpha"": 0.3336221836510623, ""l1_ratio"": 0.10528202708843387, ""max_iter"": 50000, ""random_state"": 20260521}",ok,6.786630433480803,5.79698736694784,-5.150231091064256,-5.5347335932487844,11.542350030879092,1.0,6.255076733538997,7.10656258429119,7.089589140623791
HEAVY_RUC,2,HEAVY_RUC__HPO_trial0002__schiff__HPO_Elastic_alpha3_68588_l1_ratio0_212107__noylag__w64,9.995802670581748,elastic_net,schiff,False,64,"{""alpha"": 3.6858784612241036, ""l1_ratio"": 0.21210690338220425, ""max_iter"": 50000, ""random_state"": 20260522}",ok,9.55253143383594,9.516863568575694,-9.099412421499967,-9.516863568575694,14.693058796294302,1.0,8.882101259852531,9.697508783130326,10.22926025429359
HEAVY_RUC,3,HEAVY_RUC__HPO_trial0003__dynamic_no_leads__HPO_GBR_learning_rate0_0703824_max_depth1_n_estimators750__noylag__w52,4.118571506697837,gbr,dynamic_no_leads,False,52,"{""learning_rate"": 0.07038239918284944, ""loss"": ""squared_error"", ""max_depth"": 1, ""n_estimators"": 750, ""random_state"": 20260523, ""subsample"": 0.95}",ok,4.686949156859399,3.237158961914994,-2.0023202622572125,-2.4229335290979663,8.893762225510667,1.0,4.054680512587421,4.4713972332205945,5.726589878928892
HEAVY_RUC,4,HEAVY_RUC__HPO_trial0004__rich__HPO_BayesianRidge__noylag__w40,7.51905009037973,bayesian_ridge,rich,False,40,{},ok,7.966108380499705,6.37189251684796,0.8374527971588035,1.2726214657654067,19.383305152107063,1.0,5.835780540352269,8.897798798151548,9.579710075918806
HEAVY_RUC,5,HEAVY_RUC__HPO_trial0005__price_distributed_lags__HPO_GBR_learning_rate0_0302791_max_depth1_n_estimators550__ylag__w52,4.526996407803601,gbr,price_distributed_lags,True,52,"{""learning_rate"": 0.030279148824976926, ""loss"": ""squared_error"", ""max_depth"": 1, ""n_estimators"": 550, ""random_state"": 20260525, ""subsample"": 0.85}",ok,4.80074084735768,3.8719075926307065,-2.542613992341539,-2.991348943628508,9.045681649580334,1.0,3.8691982385749766,4.957530935889175,5.791917278432628
HEAVY_RUC,6,HEAVY_RUC__HPO_trial0006__dynamic_no_leads__HPO_RESID_Ridge_alpha0_321037__ylag__w64,12.099849121836975,resid_ridge,dynamic_no_leads,True,64,"{""alpha"": 0.3210365644794417, ""random_state"": 20260526}",ok,10.554168296199592,10.404679681535518,8.926136792912184,9.20548135801915,28.652261983973034,1.0,5.521232644806735,11.426727108291738,15.880287909750734
HEAVY_RUC,7,HEAVY_RUC__HPO_trial0007__schiff_no_lead__HPO_BayesianRidge__noylag__w40,11.148631758569529,bayesian_ridge,schiff_no_lead,False,40,{},ok,9.822177428638277,9.668670703003485,9.016816817515794,9.122435159912897,24.759284399217815,1.0,5.233682929188271,9.333527239466227,16.141306783050617
HEAVY_RUC,8,HEAVY_RUC__HPO_trial0008__schiff__HPO_GBR_learning_rate0_0597206_max_depth1_n_estimators100__ylag__w64,5.065377143540265,gbr,schiff,True,64,"{""learning_rate"": 0.05972061085936585, ""loss"": ""squared_error"", ""max_depth"": 1, ""n_estimators"": 100, ""random_state"": 20260528, ""subsample"": 0.75}",ok,5.111356659253839,4.489870038512957,-2.2876985894234014,-2.4601709713130147,10.89878964132268,1.0,4.125777607298697,5.16316003826288,6.29002882748953
HEAVY_RUC,9,HEAVY_RUC__HPO_trial0009__dynamic_no_leads__HPO_RESID_Elastic_alpha86_313_l1_ratio0_139289__noylag__w52,100012.82941788265,resid_elastic_net,dynamic_no_leads,False,52,"{""alpha"": 86.31298522458567, ""l1_ratio"": 0.139288794889052, ""max_iter"": 50000, ""random_state"": 20260529}",ok,12.829417882646588,12.763407922687575,12.186607805449441,12.38788758618194,37.36814607804594,1.0,7.3624365513643735,13.19432497458303,19.27910496135249
HEAVY_RUC,10,HEAVY_RUC__HPO_trial0010__diff__HPO_GBR_learning_rate0_020811_max_depth1_n_estimators630__noylag__w40,4.917199697538476,gbr,diff,False,40,"{""learning_rate"": 0.02081096176296456, ""loss"": ""squared_error"", ""max_depth"": 1, ""n_estimators"": 630, ""random_state"": 20260530, ""subsample"": 0.85}",ok,5.232008720256651,4.056570884457169,-2.3843438277951385,-2.6874171695685867,10.90813040870633,1.0,4.1265882407366785,5.114338411427917,6.754300604598199
HEAVY_RUC,11,HEAVY_RUC__HPO_trial0011__dynamic_no_leads__HPO_Elastic_alpha0_00432164_l1_ratio0_106696__noylag__w64,5.985915934485091,elastic_net,dynamic_no_leads,False,64,"{""alpha"": 0.00432164128628249, ""l1_ratio"": 0.10669616551143478, ""max_iter"": 50000, ""random_state"": 20260531}",ok,5.527984877186493,5.701971460018022,3.3296136005278165,3.3155878841210433,11.945002701137852,1.0,3.6837631070140833,5.294814438511197,8.109690158219044
HEAVY_RUC,12,HEAVY_RUC__HPO_trial0012__rich__HPO_BayesianRidge__ylag__w40,7.436209299137488,bayesian_ridge,rich,True,40,{},ok,7.480204112853357,5.809474753367002,2.1997570433743974,3.085662466745394,21.062147512706638,1.0,5.729471281280624,8.708441754463683,8.279179193458516
HEAVY_RUC,13,HEAVY_RUC__HPO_trial0013__schiff_no_lead__HPO_RESID_GBR_learning_rate0_0615517_max_depth1_n_estimators210__ylag__w52,12.797401338595694,resid_gbr,schiff_no_lead,True,52,"{""learning_rate"": 0.06155166188139661, ""loss"": ""squared_error"", ""max_depth"": 1, ""n_estimators"": 210, ""random_state"": 20260533, ""subsample"": 1.0}",ok,10.839728122103711,10.680182859036778,9.833580356443363,9.8245124168885,32.35774581592386,1.0,5.971144220866501,10.610053248830903,17.215486249014802
HEAVY_RUC,14,HEAVY_RUC__HPO_trial0014__rich__HPO_RESID_Ridge_alpha0_000668298__noylag__w64,100017.31192046282,resid_ridge,rich,False,64,"{""alpha"": 0.0006682984235130196, ""random_state"": 20260534}",ok,17.311920462812218,13.775321795254985,14.429294277133975,11.10849996217709,46.18142032433222,1.0,12.42416842194731,18.880585967076,21.66247861392337
HEAVY_RUC,15,HEAVY_RUC__HPO_trial0015__schiff__HPO_RESID_GBR_learning_rate0_0312495_max_depth2_n_estimators680__noylag__w52,12.152505990995484,resid_gbr,schiff,False,52,"{""learning_rate"": 0.031249499546228268, ""loss"": ""squared_error"", ""max_depth"": 2, ""n_estimators"": 680, ""random_state"": 20260535, ""subsample"": 0.85}",ok,10.24344864184205,10.472695528551544,9.239400460530582,9.827617605596142,29.484344272086485,1.0,5.183763090861124,10.201654269828941,16.645098501879545
HEAVY_RUC,16,HEAVY_RUC__HPO_trial0016__schiff_no_lead__HPO_BayesianRidge__ylag__w52,11.718069073837919,bayesian_ridge,schiff_no_lead,True,52,{},ok,10.249902896921265,9.841100531281679,9.481049325917796,9.598332110660806,27.734679833234054,1.0,5.0429471148001115,9.183561843845643,18.004003451229348
HEAVY_RUC,17,HEAVY_RUC__HPO_trial0017__rich__HPO_BayesianRidge__ylag__w52,9.775037719608964,bayesian_ridge,rich,True,52,{},ok,9.042217372646581,8.098827483734723,5.128744642128058,6.884909591535887,25.40618160788717,1.0,6.5647996214039255,10.045017414892808,11.010667523740498
HEAVY_RUC,18,HEAVY_RUC__HPO_trial0018__rich__HPO_GBR_learning_rate0_0888057_max_depth1_n_estimators130__ylag__w52,4.720956387579356,gbr,rich,True,52,"{""learning_rate"": 0.08880571287227207, ""loss"": ""squared_error"", ""max_depth"": 1, ""n_estimators"": 130, ""random_state"": 20260538, ""subsample"": 0.75}",ok,4.833492520215307,4.066025859253997,-3.1308017374975483,-3.5155159269907275,9.281706773539135,1.0,3.8723598923895155,4.7998834640360535,6.078794977317081
HEAVY_RUC,19,HEAVY_RUC__HPO_trial0019__price_distributed_lags__HPO_RESID_Ridge_alpha0_00450349__ylag__w52,100020.36876478774,resid_ridge,price_distributed_lags,True,52,"{""alpha"": 0.004503489610857746, ""random_state"": 20260539}",ok,20.368764787733102,18.211162095721974,17.1469970503696,17.12798220922435,67.24054638062643,1.0,14.332424081505588,18.39213763689791,30.2017212651101
HEAVY_RUC,20,HEAVY_RUC__HPO_trial0020__diff__HPO_Ridge_alpha3_95544__ylag__w40,8.386855209232383,ridge,diff,True,40,"{""alpha"": 3.9554404049557217, ""random_state"": 20260540}",ok,8.07976406818497,7.2166364621228665,4.264392274002126,5.055454982165515,19.69950861956419,1.0,5.5354884935352855,9.389937277300072,9.781912760846422
HEAVY_RUC,21,HEAVY_RUC__HPO_trial0021__price_distributed_lags__HPO_GBR_learning_rate0_0302466_max_depth1_n_estimators580__noylag__w52,4.322135480742134,gbr,price_distributed_lags,False,52,"{""learning_rate"": 0.030246571079806203, ""loss"": ""squared_error"", ""max_depth"": 1, ""n_estimators"": 580, ""random_state"": 20260541, ""subsample"": 0.95}",ok,4.795995794897821,3.5648387102552754,-2.109620252442918,-2.5049578015327056,8.94436589364255,1.0,4.130225270282177,4.480342778516481,5.991777332849693
HEAVY_RUC,22,HEAVY_RUC__HPO_trial0022__dynamic_pruned__HPO_GBR_learning_rate0_032834_max_depth1_n_estimators750__noylag__w52,4.82627915141974,gbr,dynamic_pruned,False,52,"{""learning_rate"": 0.03283396702673986, ""loss"": ""squared_error"", ""max_depth"": 1, ""n_estimators"": 750, ""random_state"": 20260542, ""subsample"": 0.95}",ok,5.0785226379170645,4.066294430441817,-3.066041493634971,-3.62251732468955,9.627314900468473,1.0,4.4649550059406415,5.033458330205091,5.900401782210401
HEAVY_RUC,23,HEAVY_RUC__HPO_trial0023__price_distributed_lags__HPO_GBR_learning_rate0_069952_max_depth1_n_estimators430__noylag__w52,4.435674241969277,gbr,price_distributed_lags,False,52,"{""learning_rate"": 0.0699520087995161, ""loss"": ""squared_error"", ""max_depth"": 1, ""n_estimators"": 430, ""random_state"": 20260543, ""subsample"": 0.95}",ok,4.892693279672244,3.6428666598901738,-2.199244247923792,-2.63109588312984,9.303844191738236,1.0,4.085173445502886,4.7341297465987795,6.087476632363992
HEAVY_RUC,24,HEAVY_RUC__HPO_trial0024__dynamic_no_leads__HPO_RESID_Elastic_alpha0_0210846_l1_ratio0_574149__noylag__w52,100012.6152942195,resid_elastic_net,dynamic_no_leads,False,52,"{""alpha"": 0.02108464933572227, ""l1_ratio"": 0.5741487601582886, ""max_iter"": 50000, ""random_state"": 20260544}",ok,12.615294219504788,12.596609497376694,12.042455772880261,12.221089160871058,36.30179922814193,1.0,7.1824314837306,13.081577057563257,18.906613490829006
HEAVY_RUC,25,HEAVY_RUC__HPO_trial0025__price_distributed_lags__HPO_Ridge_alpha0_107287__noylag__w52,100015.64010783841,ridge,price_distributed_lags,False,52,"{""alpha"": 0.10728706166880868, ""random_state"": 20260545}",ok,15.64010783841402,12.964375481558903,10.925607625289732,10.651896765159133,45.37549150765274,1.0,11.284567974397328,16.417584085049135,20.22389427031589
HEAVY_RUC,26,HEAVY_RUC__HPO_trial0026__dynamic_pruned__HPO_GBR_learning_rate0_0463646_max_depth1_n_estimators740__noylag__w52,4.82839193575195,gbr,dynamic_pruned,False,52,"{""learning_rate"": 0.046364624058988946, ""loss"": ""squared_error"", ""max_depth"": 1, ""n_estimators"": 740, ""random_state"": 20260546, ""subsample"": 0.95}",ok,5.0144613052724445,4.122871653890954,-3.033126199046961,-3.5286721301809902,9.632682133892933,1.0,4.351198429818093,4.8972498808740434,5.980962585971436
HEAVY_RUC,27,HEAVY_RUC__HPO_trial0027__dynamic_no_leads__HPO_GBR_learning_rate0_101351_max_depth1_n_estimators590__noylag__w52,4.131815363915952,gbr,dynamic_no_leads,False,52,"{""learning_rate"": 0.10135074880480682, ""loss"": ""squared_error"", ""max_depth"": 1, ""n_estimators"": 590, ""random_state"": 20260547, ""subsample"": 0.95}",ok,4.654763286014941,3.2838992796318336,-1.8908711062959795,-2.4120057246457747,9.047929110050095,1.0,4.0762380100299955,4.5331094150990605,5.519912229690875
HEAVY_RUC,28,HEAVY_RUC__HPO_trial0028__dynamic_no_leads__HPO_RESID_Elastic_alpha0_00110607_l1_ratio0_715765__noylag__w52,12.782267082398079,resid_elastic_net,dynamic_no_leads,False,52,"{""alpha"": 0.0011060697623068124, ""l1_ratio"": 0.7157648209088551, ""max_iter"": 50000, ""random_state"": 20260548}",ok,10.962723479057669,10.8551740113882,10.202080224568137,10.433513861557975,30.56565896912876,1.0,6.049164790356988,11.62156726564161,16.382463563876822
HEAVY_RUC,29,HEAVY_RUC__HPO_trial0029__dynamic_no_leads__HPO_GBR_learning_rate0_0765527_max_depth1_n_estimators370__noylag__w52,4.097336601372674,gbr,dynamic_no_leads,False,52,"{""learning_rate"": 0.07655273797984001, ""loss"": ""squared_error"", ""max_depth"": 1, ""n_estimators"": 370, ""random_state"": 20260549, ""subsample"": 0.95}",ok,4.536914007187008,3.3022639141695875,-1.9618545623103234,-2.419289638391501,8.910601710775818,1.0,3.8820754623333933,4.405501952070122,5.5090180100433495
HEAVY_RUC,30,HEAVY_RUC__HPO_trial0030__dynamic_no_leads__HPO_RESID_GBR_learning_rate0_0755972_max_depth2_n_estimators320__noylag__w52,13.454005635988667,resid_gbr,dynamic_no_leads,False,52,"{""learning_rate"": 0.07559718881437018, ""loss"": ""squared_error"", ""max_depth"": 2, ""n_estimators"": 320, ""random_state"": 20260550, ""subsample"": 0.95}",ok,11.419282566472498,11.23897611598445,10.533301311889264,10.677317148956094,33.65910043937906,1.0,6.324891601722828,11.810746675732098,17.370802816304163
HEAVY_RUC,31,HEAVY_RUC__HPO_trial0031__dynamic_no_leads__HPO_Elastic_alpha0_16022_l1_ratio0_765858__noylag__w64,9.995802670581748,elastic_net,dynamic_no_leads,False,64,"{""alpha"": 0.1602204204324768, ""l1_ratio"": 0.7658575274501055, ""max_iter"": 50000, ""random_state"": 20260551}",ok,9.55253143383594,9.516863568575694,-9.099412421499967,-9.516863568575694,14.693058796294302,1.0,8.882101259852531,9.697508783130326,10.22926025429359
HEAVY_RUC,32,HEAVY_RUC__HPO_trial0032__dynamic_no_leads__HPO_Ridge_alpha0_72718__noylag__w40,6.8514973148429865,ridge,dynamic_no_leads,False,40,"{""alpha"": 0.7271796587283275, ""random_state"": 20260552}",ok,7.337710527392409,5.837977806392265,1.5480192197936793,1.4002005219321358,16.32197848761733,1.0,5.610231974866353,8.086237403455419,8.65412971133007
HEAVY_RUC,33,HEAVY_RUC__HPO_trial0033__dynamic_pruned__HPO_GBR_learning_rate0_0528397_max_depth2_n_estimators190__noylag__w52,5.100114441423931,gbr,dynamic_pruned,False,52,"{""learning_rate"": 0.05283969897293609, ""loss"": ""squared_error"", ""max_depth"": 2, ""n_estimators"": 190, ""random_state"": 20260553, ""subsample"": 0.95}",ok,5.160269763416537,4.428825309399111,-3.4417568292041416,-4.025289068135425,9.985576553025506,1.0,4.512331811186719,4.993377896434252,6.164138389057048
HEAVY_RUC,34,HEAVY_RUC__HPO_trial0034__diff__HPO_Elastic_alpha0_066393_l1_ratio0_567097__noylag__w64,5.5594867057287445,elastic_net,diff,False,64,"{""alpha"": 0.06639299718029847, ""l1_ratio"": 0.5670966216956765, ""max_iter"": 50000, ""random_state"": 20260554}",ok,5.873872364690139,4.710741847889625,-3.698351162956422,-4.061171978930674,10.691041594439017,1.0,5.408598891447372,6.103864377096605,6.196085363462053
HEAVY_RUC,35,HEAVY_RUC__HPO_trial0035__schiff__HPO_GBR_learning_rate0_0826225_max_depth1_n_estimators330__noylag__w52,4.505728338531797,gbr,schiff,False,52,"{""learning_rate"": 0.08262246966299248, ""loss"": ""squared_error"", ""max_depth"": 1, ""n_estimators"": 330, ""random_state"": 20260555, ""subsample"": 0.75}",ok,4.479645383038731,4.434636933997858,-1.0658019738795792,-1.0401262298711447,9.044125894548387,1.0,4.125081625691563,4.416429812805086,4.996947844392119
HEAVY_RUC,36,HEAVY_RUC__HPO_trial0036__dynamic_no_leads__HPO_RESID_Ridge_alpha0_00818122__noylag__w40,12.853514363554355,resid_ridge,dynamic_no_leads,False,40,"{""alpha"": 0.008181223179802884, ""random_state"": 20260556}",ok,10.652212814432719,10.798381165425058,7.988767644580062,8.34325130898162,35.1889880949075,1.0,6.60710324757787,10.756000760087675,15.613847867294787
HEAVY_RUC,37,HEAVY_RUC__HPO_trial0037__dynamic_no_leads__HPO_GBR_learning_rate0_067101_max_depth1_n_estimators240__noylag__w64,4.27416405068226,gbr,dynamic_no_leads,False,64,"{""learning_rate"": 0.06710098642588587, ""loss"": ""squared_error"", ""max_depth"": 1, ""n_estimators"": 240, ""random_state"": 20260557, ""subsample"": 0.85}",ok,4.6802455688984,3.428839639402658,-2.4508275135638966,-3.0209545518894507,9.05119932881882,1.0,3.987674112679348,4.692743761898101,5.535744340499413
HEAVY_RUC,38,HEAVY_RUC__HPO_trial0038__schiff_no_lead__HPO_RESID_Elastic_alpha1_33132_l1_ratio0_817999__noylag__w52,100012.82941788265,resid_elastic_net,schiff_no_lead,False,52,"{""alpha"": 1.3313181689763647, ""l1_ratio"": 0.8179986991605859, ""max_iter"": 50000, ""random_state"": 20260558}",ok,12.829417882646588,12.763407922687575,12.186607805449441,12.38788758618194,37.36814607804594,1.0,7.3624365513643735,13.19432497458303,19.27910496135249
HEAVY_RUC,39,HEAVY_RUC__HPO_trial0039__dynamic_no_leads__HPO_GBR_learning_rate0_07237_max_depth1_n_estimators150__noylag__w40,4.178538106021779,gbr,dynamic_no_leads,False,40,"{""learning_rate"": 0.07236998329046608, ""loss"": ""squared_error"", ""max_depth"": 1, ""n_estimators"": 150, ""random_state"": 20260559, ""subsample"": 0.85}",ok,4.600797331262726,3.3371363671871683,-2.0187440533851313,-2.406167503770464,9.28950944705394,1.0,3.9659902350984213,4.5502070442909615,5.455646337181073
HEAVY_RUC,40,HEAVY_RUC__HPO_trial0040__schiff__HPO_Elastic_alpha0_0328669_l1_ratio0_555423__noylag__w52,5.773390449812817,elastic_net,schiff,False,52,"{""alpha"": 0.0328669334722457, ""l1_ratio"": 0.5554228450543324, ""max_iter"": 50000, ""random_state"": 20260560}",ok,5.870385006845711,5.18557296382631,1.5101588032270863,1.4154001783967372,13.282846278748371,1.0,4.720577812100287,5.782416466507909,7.41457214621328
HEAVY_RUC,41,HEAVY_RUC__HPO_trial0041__diff__HPO_RESID_GBR_learning_rate0_0919981_max_depth1_n_estimators480__noylag__w64,13.985979009863321,resid_gbr,diff,False,64,"{""learning_rate"": 0.0919980991276404, ""loss"": ""squared_error"", ""max_depth"": 1, ""n_estimators"": 480, ""random_state"": 20260561, ""subsample"": 0.75}",ok,11.921004828751823,11.841068634315267,11.315014525217183,11.321827347310851,33.66564149851652,1.0,6.711247804779773,12.607692164166581,17.68098622082549
HEAVY_RUC,42,HEAVY_RUC__HPO_trial0042__dynamic_no_leads__HPO_Ridge_alpha0_112254__noylag__w52,6.234882824255113,ridge,dynamic_no_leads,False,52,"{""alpha"": 0.11225359010641012, ""random_state"": 20260562}",ok,6.1803511590959594,5.076909946846545,3.625745349648858,3.620831875920443,14.867024358371317,1.0,5.725816171029553,5.360315624919015,7.685621636543773
HEAVY_RUC,43,HEAVY_RUC__HPO_trial0043__dynamic_pruned__HPO_GBR_learning_rate0_107329_max_depth1_n_estimators390__ylag__w40,4.844806860184369,gbr,dynamic_pruned,True,40,"{""learning_rate"": 0.10732936589827083, ""loss"": ""squared_error"", ""max_depth"": 1, ""n_estimators"": 390, ""random_state"": 20260563, ""subsample"": 0.85}",ok,4.876024121316834,4.173938770018769,-3.348679416239574,-3.790082395416769,9.626257772055993,1.0,3.690126995134672,5.287506384566415,5.896391886772819
HEAVY_RUC,44,HEAVY_RUC__HPO_trial0044__schiff_no_lead__HPO_RESID_Ridge_alpha0_00062003__noylag__w52,100012.82941788265,resid_ridge,schiff_no_lead,False,52,"{""alpha"": 0.000620030198706941, ""random_state"": 20260564}",ok,12.829417882646638,12.7634079226876,12.186607805449492,12.387887586181984,37.36814607804594,1.0,7.362436551364404,13.194324974583054,19.279104961352598
HEAVY_RUC,45,HEAVY_RUC__HPO_trial0045__dynamic_no_leads__HPO_BayesianRidge__noylag__w64,5.806049526378578,bayesian_ridge,dynamic_no_leads,False,64,{},ok,5.3843658280869136,5.127135359201917,4.1401171429885695,4.313242494308275,12.277561389992545,1.0,4.3898468211249675,4.891423869482233,7.195021231518877
HEAVY_RUC,46,HEAVY_RUC__HPO_trial0046__schiff__HPO_GBR_learning_rate0_0428938_max_depth2_n_estimators190__ylag__w52,4.857184684347341,gbr,schiff,True,52,"{""learning_rate"": 0.042893773931719066, ""loss"": ""squared_error"", ""max_depth"": 2, ""n_estimators"": 190, ""random_state"": 20260566, ""subsample"": 0.75}",ok,4.980277253299992,4.460037482849341,-1.8139070774923018,-2.0465270746489237,9.94209871881571,1.0,3.895552895198015,5.144696613976336,6.155127640843385
HEAVY_RUC,47,HEAVY_RUC__HPO_trial0047__rich__HPO_RESID_GBR_learning_rate0_079758_max_depth1_n_estimators450__noylag__w52,13.16127531939737,resid_gbr,rich,False,52,"{""learning_rate"": 0.07975801049544558, ""loss"": ""squared_error"", ""max_depth"": 1, ""n_estimators"": 450, ""random_state"": 20260567, ""subsample"": 0.85}",ok,11.170090154387534,11.104309998598772,10.23708557708868,10.374631464398881,32.50413601387284,1.0,6.282936852658863,11.693707629128582,16.71076508534188
HEAVY_RUC,48,HEAVY_RUC__HPO_trial0048__dynamic_no_leads__HPO_RESID_Elastic_alpha0_00282737_l1_ratio0_592897__ylag__w40,11.693386592192875,resid_elastic_net,dynamic_no_leads,True,40,"{""alpha"": 0.002827366282834299, ""l1_ratio"": 0.5928965256531105, ""max_iter"": 50000, ""random_state"": 20260568}",ok,9.982383624250922,9.90559034867772,8.924071096545221,9.314718212722644,28.71563740455401,1.0,5.177209475085939,10.16958740744621,15.803463128398365
HEAVY_RUC,49,HEAVY_RUC__HPO_trial0049__diff__HPO_BayesianRidge__noylag__w52,7.52651129423907,bayesian_ridge,diff,False,52,{},ok,7.317049185288221,6.484733473701161,3.494059683439961,4.253912846251051,17.827909950315103,1.0,5.064527456913671,8.155577894009433,9.190264687727439
HEAVY_RUC,50,HEAVY_RUC__HPO_trial0050__schiff_no_lead__HPO_GBR_learning_rate0_0497792_max_depth1_n_estimators340__ylag__w64,4.058478203161591,gbr,schiff_no_lead,True,64,"{""learning_rate"": 0.049779212476388716, ""loss"": ""squared_error"", ""max_depth"": 1, ""n_estimators"": 340, ""random_state"": 20260570, ""subsample"": 0.75}",ok,4.245645358055869,3.526691512654611,-1.2481056859169357,-1.6791581595261489,9.278209104525596,1.0,3.322829532549861,4.309444754022674,5.331828710961705
HEAVY_RUC,51,HEAVY_RUC__HPO_trial0051__schiff_no_lead__HPO_Elastic_alpha21_8716_l1_ratio0_280688__ylag__w64,9.995802670581748,elastic_net,schiff_no_lead,True,64,"{""alpha"": 21.87156273891441, ""l1_ratio"": 0.2806876221609614, ""max_iter"": 50000, ""random_state"": 20260571}",ok,9.55253143383594,9.516863568575694,-9.099412421499967,-9.516863568575694,14.693058796294302,1.0,8.882101259852531,9.697508783130326,10.22926025429359
HEAVY_RUC,52,HEAVY_RUC__HPO_trial0052__schiff_no_lead__HPO_GBR_learning_rate0_0278669_max_depth1_n_estimators100__ylag__w64,5.115926660214016,gbr,schiff_no_lead,True,64,"{""learning_rate"": 0.02786685319709129, ""loss"": ""squared_error"", ""max_depth"": 1, ""n_estimators"": 100, ""random_state"": 20260572, ""subsample"": 0.75}",ok,5.248745237065816,4.673744334304487,-2.8358422170617135,-3.0792492312705915,9.461047245254846,1.0,4.39624281911725,5.624280695795401,5.891393913611697
HEAVY_RUC,53,HEAVY_RUC__HPO_trial0053__schiff_no_lead__HPO_RESID_Ridge_alpha59_9435__ylag__w64,100013.77777454666,resid_ridge,schiff_no_lead,True,64,"{""alpha"": 59.94354587504654, ""random_state"": 20260573}",ok,13.777774546654214,13.385460048210978,13.2091435281461,13.123873539589367,37.21366718269044,1.0,8.267392088959856,14.133246326755186,20.292717232480907
HEAVY_RUC,54,HEAVY_RUC__HPO_trial0054__schiff_no_lead__HPO_GBR_learning_rate0_0226831_max_depth2_n_estimators140__ylag__w64,4.413280536159545,gbr,schiff_no_lead,True,64,"{""learning_rate"": 0.022683074675374854, ""loss"": ""squared_error"", ""max_depth"": 2, ""n_estimators"": 140, ""random_state"": 20260574, ""subsample"": 0.75}",ok,4.518657917344599,4.088114902165017,-1.6922158504149312,-1.8356368222763881,8.83711245563573,1.0,3.8031329279748403,4.676843372014352,5.23696633937132
HEAVY_RUC,55,HEAVY_RUC__HPO_trial0055__schiff_no_lead__HPO_Ridge_alpha0_805786__ylag__w64,100012.18074402574,ridge,schiff_no_lead,True,64,"{""alpha"": 0.8057863196451605, ""random_state"": 20260575}",ok,12.180744025733075,11.92229286352375,11.609519276249811,11.7305281209647,33.45105225976116,1.0,6.662624697284923,12.036843837957313,19.27445455915662
