scope,item,baseline_digest,integrated_digest,verdict,baseline_detail
chart_rows_series,ar1:actual:gross_fed_revenue:annual,fe5c5ed2b1c5a6165113012a36c84aae24286fc8750f5713d8125f2fd1dbde06,fe5c5ed2b1c5a6165113012a36c84aae24286fc8750f5713d8125f2fd1dbde06,unchanged,25 rows
chart_rows_series,ar1:actual:gross_ped_revenue:annual,1014b3be73a5a1980a1b5d2767d53b8da809191a512e2fb1fd312cc0c3dc97c7,1014b3be73a5a1980a1b5d2767d53b8da809191a512e2fb1fd312cc0c3dc97c7,unchanged,25 rows
chart_rows_series,ar1:actual:heavy_ruc_net_km:annual,586df3be0e16a9845d45ac2a1c53b5016321d0b039f63201e8e77a115467f3d6,586df3be0e16a9845d45ac2a1c53b5016321d0b039f63201e8e77a115467f3d6,unchanged,25 rows
chart_rows_series,ar1:actual:heavy_ruc_net_revenue:annual,ce8e4eb548f35bae4a3e9eebd0a6ee3f45c6b52b12004a75ed9ea7bd49149333,ce8e4eb548f35bae4a3e9eebd0a6ee3f45c6b52b12004a75ed9ea7bd49149333,unchanged,25 rows
chart_rows_series,ar1:actual:light_bev_ruc_net_km:annual,10f047b44a4389891d7ee1172421d036a574b63d704474caf76cb1020b135cb8,10f047b44a4389891d7ee1172421d036a574b63d704474caf76cb1020b135cb8,unchanged,25 rows
chart_rows_series,ar1:actual:light_bev_ruc_net_revenue:annual,bef7ef6b514a1bd1ec4732a5b9810fa10309273647f803ebebe2ac2ca50d82eb,bef7ef6b514a1bd1ec4732a5b9810fa10309273647f803ebebe2ac2ca50d82eb,unchanged,25 rows
chart_rows_series,ar1:actual:light_ruc_net_km:annual,c62525f18fadc15ade40a0db2eebe5592278c1411d7111e837cda8aad9cce679,c62525f18fadc15ade40a0db2eebe5592278c1411d7111e837cda8aad9cce679,unchanged,25 rows
chart_rows_series,ar1:actual:light_ruc_net_revenue:annual,47c0b0397a7451b2806d31e85b7c82fe8cc06902d008aa0a3a963b9bc3db99ec,47c0b0397a7451b2806d31e85b7c82fe8cc06902d008aa0a3a963b9bc3db99ec,unchanged,25 rows
chart_rows_series,ar1:actual:net_fed_revenue:annual,f1361465a01395355bc23dcfff16c4533244a585cb20940f173d02bbdd5a20d9,f1361465a01395355bc23dcfff16c4533244a585cb20940f173d02bbdd5a20d9,unchanged,25 rows
chart_rows_series,ar1:actual:net_mvr_revenue:annual,9a7129956ef8fe1bea5861be379058d1dff30f88fddb2579209f2bb11daf6777,9a7129956ef8fe1bea5861be379058d1dff30f88fddb2579209f2bb11daf6777,unchanged,25 rows
chart_rows_series,ar1:actual:ped_vkt_per_capita:annual,11d7d53738df43d7bc2e51f9689424e0dc57b2c00f4f2b2a6c6643551c94b200,11d7d53738df43d7bc2e51f9689424e0dc57b2c00f4f2b2a6c6643551c94b200,unchanged,23 rows
chart_rows_series,ar1:actual:ped_volume:annual,b1931efd8641e7c64d0fdc43f34117752058017eeb047422e76aa2594af46e4a,b1931efd8641e7c64d0fdc43f34117752058017eeb047422e76aa2594af46e4a,unchanged,25 rows
chart_rows_series,ar1:actual:phev_ruc_net_km:annual,a44132955b6637e3ced3f36251eb286dc564b4bd3d78f543c21aa596a3e5bc2f,a44132955b6637e3ced3f36251eb286dc564b4bd3d78f543c21aa596a3e5bc2f,unchanged,25 rows
chart_rows_series,ar1:actual:phev_ruc_net_revenue:annual,5dffab100981dc3f5dd35225178f87f2ffe5df34ce766b7b6ab6993dcfdbb739,5dffab100981dc3f5dd35225178f87f2ffe5df34ce766b7b6ab6993dcfdbb739,unchanged,25 rows
chart_rows_series,ar1:actual:total_fed_ruc_net_revenue:annual,3025e215ec368d86211ff51ae8eb87b446dc960d2cbdd2eb095f63e44845bef9,3025e215ec368d86211ff51ae8eb87b446dc960d2cbdd2eb095f63e44845bef9,unchanged,25 rows
chart_rows_series,ar1:actual:total_nltf_net_revenue:annual,9464c2037e5a6d493f352120c13e76aa71cf7975af11f2531912ccb9ce55ff5e,9464c2037e5a6d493f352120c13e76aa71cf7975af11f2531912ccb9ce55ff5e,unchanged,25 rows
chart_rows_series,ar1:actual:total_ruc_net_revenue:annual,4ddde25a4e2f30297341dad1b93d2e103d9567266e75fd90398f0c5227f09b87,4ddde25a4e2f30297341dad1b93d2e103d9567266e75fd90398f0c5227f09b87,unchanged,25 rows
chart_rows_series,ar1:befu26:gross_fed_revenue:annual,490f168497b6223ca9940ab1bd218373f62ead77dc24cb47f52920401e23b866,490f168497b6223ca9940ab1bd218373f62ead77dc24cb47f52920401e23b866,unchanged,30 rows
chart_rows_series,ar1:befu26:gross_ped_revenue:annual,5d2140a160b6fa31a052f26806882b4ad1d7a7fcadc4ade8ff965c37da043be4,5d2140a160b6fa31a052f26806882b4ad1d7a7fcadc4ade8ff965c37da043be4,unchanged,30 rows
chart_rows_series,ar1:befu26:heavy_ruc_net_km:annual,2146b28c7437e7be7f5abfb59dbd3689a59b6eda77dd846f8c425e5d166518a7,2146b28c7437e7be7f5abfb59dbd3689a59b6eda77dd846f8c425e5d166518a7,unchanged,30 rows
chart_rows_series,ar1:befu26:heavy_ruc_net_revenue:annual,ca4409fccbd9e32a726370a3aea8d6c0c2dd9667a9e9daf5f5a3ba8daad8510d,ca4409fccbd9e32a726370a3aea8d6c0c2dd9667a9e9daf5f5a3ba8daad8510d,unchanged,30 rows
chart_rows_series,ar1:befu26:light_bev_ruc_net_km:annual,b79bb9f0ec4e460e8e20cf8f060306367b3e450ca00b48f522d79615d9c26c24,b79bb9f0ec4e460e8e20cf8f060306367b3e450ca00b48f522d79615d9c26c24,unchanged,30 rows
chart_rows_series,ar1:befu26:light_bev_ruc_net_revenue:annual,441774894fb05cb77693f2ee95eff24b03a8a20f12684024effcddc3263901ec,441774894fb05cb77693f2ee95eff24b03a8a20f12684024effcddc3263901ec,unchanged,30 rows
chart_rows_series,ar1:befu26:light_ruc_net_km:annual,82f222f3fa5bdc08790a7ecff3f227f39c7d7f14c2854c8107377ba1e9bf95d0,82f222f3fa5bdc08790a7ecff3f227f39c7d7f14c2854c8107377ba1e9bf95d0,unchanged,30 rows
chart_rows_series,ar1:befu26:light_ruc_net_revenue:annual,680b258556f5bec0482c54d994e6721057a2508f80571081ec9a75288d45e24e,680b258556f5bec0482c54d994e6721057a2508f80571081ec9a75288d45e24e,unchanged,30 rows
chart_rows_series,ar1:befu26:net_fed_revenue:annual,63678a618bb03597eef4359525f1a0bcc849ab4aadd1e43b263da9fb9f038700,63678a618bb03597eef4359525f1a0bcc849ab4aadd1e43b263da9fb9f038700,unchanged,30 rows
chart_rows_series,ar1:befu26:net_mvr_revenue:annual,aeb3ea7b9f10f362287f549c79410c435b72dd778cd6daf40d2d50ad4013b37d,aeb3ea7b9f10f362287f549c79410c435b72dd778cd6daf40d2d50ad4013b37d,unchanged,30 rows
chart_rows_series,ar1:befu26:ped_vkt_per_capita:annual,a45c4b8004b1e4d444c8e6c08b332202f2d516d299b4847af9b3da1142e05518,a45c4b8004b1e4d444c8e6c08b332202f2d516d299b4847af9b3da1142e05518,unchanged,30 rows
chart_rows_series,ar1:befu26:ped_volume:annual,4192d5ec993308c84df6b7015e48bf99bf9ead41e7be4af7ab817a99a3e6928d,4192d5ec993308c84df6b7015e48bf99bf9ead41e7be4af7ab817a99a3e6928d,unchanged,30 rows
chart_rows_series,ar1:befu26:phev_ruc_net_km:annual,ccd88e099585399138dbaa5c1ced8950680b38539f2a01468b0ddaad6c0a54ec,ccd88e099585399138dbaa5c1ced8950680b38539f2a01468b0ddaad6c0a54ec,unchanged,30 rows
chart_rows_series,ar1:befu26:phev_ruc_net_revenue:annual,d2fcedc6bb1b1022fca3f6e491754dcb7ff434f2f6d947cef97e7ac9bcdc95ce,d2fcedc6bb1b1022fca3f6e491754dcb7ff434f2f6d947cef97e7ac9bcdc95ce,unchanged,30 rows
chart_rows_series,ar1:befu26:total_fed_ruc_net_revenue:annual,23a60db487f2792039f15d1d5ac6d7a9e7d506d54a2fa9c5bbc2d8a406b6101a,23a60db487f2792039f15d1d5ac6d7a9e7d506d54a2fa9c5bbc2d8a406b6101a,unchanged,30 rows
chart_rows_series,ar1:befu26:total_nltf_net_revenue:annual,65b1825c0219d5204943558ca6399edb68ddf942a8039a293921c6e37e8c325b,65b1825c0219d5204943558ca6399edb68ddf942a8039a293921c6e37e8c325b,unchanged,30 rows
chart_rows_series,ar1:befu26:total_ruc_net_revenue:annual,e227a5f9fc7285ba3e449b38e59f10235b385a1a898ac2ec0f2d0925291a77b0,e227a5f9fc7285ba3e449b38e59f10235b385a1a898ac2ec0f2d0925291a77b0,unchanged,30 rows
chart_rows_series,ar1:current_base:gross_fed_revenue:annual,1aab7a846354c4f89fd4a23664f8216e798275c2baab528dd18ec436a485f9cf,1aab7a846354c4f89fd4a23664f8216e798275c2baab528dd18ec436a485f9cf,unchanged,26 rows
chart_rows_series,ar1:current_base:gross_ped_revenue:annual,2a2e512b7804d15a0dc6192d721ffbe07d1e873a991e1289105d7dae7a24f4d4,2a2e512b7804d15a0dc6192d721ffbe07d1e873a991e1289105d7dae7a24f4d4,unchanged,26 rows
chart_rows_series,ar1:current_base:heavy_ruc_net_km:annual,9c7a5e1eefaa9745c3728db2657b7a5f6ce275197d1c6372ba13e75934a88354,9c7a5e1eefaa9745c3728db2657b7a5f6ce275197d1c6372ba13e75934a88354,unchanged,26 rows
chart_rows_series,ar1:current_base:heavy_ruc_net_revenue:annual,84aeec39f5982ecfdafc301be30e1650400eeac47ef5defa061868e6c04a12b8,84aeec39f5982ecfdafc301be30e1650400eeac47ef5defa061868e6c04a12b8,unchanged,26 rows
chart_rows_series,ar1:current_base:light_bev_ruc_net_km:annual,73eb710df6560ac2562bf98df6d8c5050f355ed2aad3a8b972eac70ac811d4c4,73eb710df6560ac2562bf98df6d8c5050f355ed2aad3a8b972eac70ac811d4c4,unchanged,26 rows
chart_rows_series,ar1:current_base:light_bev_ruc_net_revenue:annual,6bf09e51be4fe93027bb3984074ee4f6877943ce6f86ecacdc619d424edfe7ce,6bf09e51be4fe93027bb3984074ee4f6877943ce6f86ecacdc619d424edfe7ce,unchanged,26 rows
chart_rows_series,ar1:current_base:light_ruc_net_km:annual,518332b8bd3555e392d021b1fff016569c2e71f063cec57a2a2e8813e2ad3da9,518332b8bd3555e392d021b1fff016569c2e71f063cec57a2a2e8813e2ad3da9,unchanged,26 rows
chart_rows_series,ar1:current_base:light_ruc_net_revenue:annual,6383a9e405b914e985af08ff2c3cc768950cd0f26cce34ad33b776106c249663,6383a9e405b914e985af08ff2c3cc768950cd0f26cce34ad33b776106c249663,unchanged,26 rows
chart_rows_series,ar1:current_base:net_fed_revenue:annual,c085c937d3bfb485c43b279158b7e3ae360989c4f3989ca741bb171a8418cb22,c085c937d3bfb485c43b279158b7e3ae360989c4f3989ca741bb171a8418cb22,unchanged,26 rows
chart_rows_series,ar1:current_base:net_mvr_revenue:annual,b9868a5b4fdc95086140d726164b274b5a95144cce02ab3ed408d8af17bf40ea,b9868a5b4fdc95086140d726164b274b5a95144cce02ab3ed408d8af17bf40ea,unchanged,26 rows
chart_rows_series,ar1:current_base:ped_vkt_per_capita:annual,6e156ba876b91a0c6600cf7c380d26c1b866cbad236186dcd870881c799b0fcf,6e156ba876b91a0c6600cf7c380d26c1b866cbad236186dcd870881c799b0fcf,unchanged,26 rows
chart_rows_series,ar1:current_base:ped_volume:annual,d41809b296cad88eb1be383fd7ce9e439e63ff5fdfcf5b7b7fc92774d48bc9bd,d41809b296cad88eb1be383fd7ce9e439e63ff5fdfcf5b7b7fc92774d48bc9bd,unchanged,26 rows
chart_rows_series,ar1:current_base:phev_ruc_net_km:annual,2537bd45301a3e3f798a32ebe8f3268a68694e66ffd5fabe786783de6ce4b198,2537bd45301a3e3f798a32ebe8f3268a68694e66ffd5fabe786783de6ce4b198,unchanged,26 rows
chart_rows_series,ar1:current_base:phev_ruc_net_revenue:annual,21d1bc888396ab35be681ca3e6e041c3ba2a28d10b86aa2ca688991affc08f77,21d1bc888396ab35be681ca3e6e041c3ba2a28d10b86aa2ca688991affc08f77,unchanged,26 rows
chart_rows_series,ar1:current_base:total_fed_ruc_net_revenue:annual,482c325bb04a9e92fc8a201c67369e787f184d40a6ab01b6e85045294dc531ed,482c325bb04a9e92fc8a201c67369e787f184d40a6ab01b6e85045294dc531ed,unchanged,26 rows
chart_rows_series,ar1:current_base:total_nltf_net_revenue:annual,bcb324e5a056afeb25b633948b1fd550e3bd393f257fb2ecbbf6dfd21779446f,bcb324e5a056afeb25b633948b1fd550e3bd393f257fb2ecbbf6dfd21779446f,unchanged,26 rows
chart_rows_series,ar1:current_base:total_ruc_net_revenue:annual,bc8431eea54ef1889b8c058f5506ac657d3a57483c05f287f62d12bcd83a2144,bc8431eea54ef1889b8c058f5506ac657d3a57483c05f287f62d12bcd83a2144,unchanged,26 rows
chart_rows_series,ar1:current_conflict:ped_vkt_per_capita:annual,eaa65b52aade6d7d6cfbfa7a08c8511a4d47b11a958d9573efc93f56ad704957,eaa65b52aade6d7d6cfbfa7a08c8511a4d47b11a958d9573efc93f56ad704957,unchanged,26 rows
chart_rows_series,ar1:current_high_pop:gross_fed_revenue:annual,5046400afb1c7b35b50754f9d28469c8980cbe4447a7caf6687977f70158f031,5046400afb1c7b35b50754f9d28469c8980cbe4447a7caf6687977f70158f031,unchanged,26 rows
chart_rows_series,ar1:current_high_pop:gross_ped_revenue:annual,6ae229c6eb9f7845624d27cdd5f674b1f2b5dbbc4eb45446123998397fb2738c,6ae229c6eb9f7845624d27cdd5f674b1f2b5dbbc4eb45446123998397fb2738c,unchanged,26 rows
chart_rows_series,ar1:current_high_pop:heavy_ruc_net_km:annual,d9f3121b1d804097571cd8a2509474248c53a22e75095937daeaf3d5273c1e7c,d9f3121b1d804097571cd8a2509474248c53a22e75095937daeaf3d5273c1e7c,unchanged,26 rows
chart_rows_series,ar1:current_high_pop:heavy_ruc_net_revenue:annual,eb78615f071ec419c6115dea1eeca05dcd2e8704ee56869db71e9137b9a73389,eb78615f071ec419c6115dea1eeca05dcd2e8704ee56869db71e9137b9a73389,unchanged,26 rows
chart_rows_series,ar1:current_high_pop:light_bev_ruc_net_km:annual,1ed6368abf572531315bf026c6eaf4edf31b7595797ed5d490479bf2b0d06b38,1ed6368abf572531315bf026c6eaf4edf31b7595797ed5d490479bf2b0d06b38,unchanged,26 rows
chart_rows_series,ar1:current_high_pop:light_bev_ruc_net_revenue:annual,8d9c501e850a7f16118dc4de75a968f1858721e8858f4594e8e1e9d804081395,8d9c501e850a7f16118dc4de75a968f1858721e8858f4594e8e1e9d804081395,unchanged,26 rows
chart_rows_series,ar1:current_high_pop:light_ruc_net_km:annual,a2c2c93f451e9c11703b2d841b3c971b03e33166ea46eaa50322a147d2865a73,a2c2c93f451e9c11703b2d841b3c971b03e33166ea46eaa50322a147d2865a73,unchanged,26 rows
chart_rows_series,ar1:current_high_pop:light_ruc_net_revenue:annual,72d9d13a57568b7953f8b61ccaf13ae77c3e9e3c975bd6243f664472c3472226,72d9d13a57568b7953f8b61ccaf13ae77c3e9e3c975bd6243f664472c3472226,unchanged,26 rows
chart_rows_series,ar1:current_high_pop:net_fed_revenue:annual,b88e1a7546694b5f9a6e20b3b5906acf9c32c03af19aa6c87e195b864d82bb55,b88e1a7546694b5f9a6e20b3b5906acf9c32c03af19aa6c87e195b864d82bb55,unchanged,26 rows
chart_rows_series,ar1:current_high_pop:net_mvr_revenue:annual,cac2268603a58d8991015613848815f5df36387045da920cbe9c0f2c40f43475,cac2268603a58d8991015613848815f5df36387045da920cbe9c0f2c40f43475,unchanged,26 rows
chart_rows_series,ar1:current_high_pop:ped_volume:annual,26d50580c1927bdc69015ce64557a138ad53b1b4246a5a2ecd54cb691159162a,26d50580c1927bdc69015ce64557a138ad53b1b4246a5a2ecd54cb691159162a,unchanged,26 rows
chart_rows_series,ar1:current_high_pop:phev_ruc_net_km:annual,4329b8dd86e53c3b3ae70d5a4a3223cb5eeec0903d0704a6c58079d0b6d773a2,4329b8dd86e53c3b3ae70d5a4a3223cb5eeec0903d0704a6c58079d0b6d773a2,unchanged,26 rows
chart_rows_series,ar1:current_high_pop:phev_ruc_net_revenue:annual,af507c97a0e6bc701fdcdba0a7c2f473fea52703b002caedcd00eb7983cd1219,af507c97a0e6bc701fdcdba0a7c2f473fea52703b002caedcd00eb7983cd1219,unchanged,26 rows
chart_rows_series,ar1:current_high_pop:total_fed_ruc_net_revenue:annual,f8f2e62ee1b69b22d3efe6493a6ff73dfae902f8da4f6bb781ef48663003b34b,f8f2e62ee1b69b22d3efe6493a6ff73dfae902f8da4f6bb781ef48663003b34b,unchanged,26 rows
chart_rows_series,ar1:current_high_pop:total_nltf_net_revenue:annual,0926e2f5943340416c27220011d8170dd36677f09e9f0dc1e1d6a5d19a0e4564,0926e2f5943340416c27220011d8170dd36677f09e9f0dc1e1d6a5d19a0e4564,unchanged,26 rows
chart_rows_series,ar1:current_high_pop:total_ruc_net_revenue:annual,6bcc9a433278ee4d4262a6f5aac45ce55b0bd1d504032083e07f530e999efc67,6bcc9a433278ee4d4262a6f5aac45ce55b0bd1d504032083e07f530e999efc67,unchanged,26 rows
chart_rows_series,ar1:mbu26:gross_fed_revenue:annual,1846973b02573b10485c6a8300f275c8ba1d0675893f3b3d35831a4cbc4cc2f9,1846973b02573b10485c6a8300f275c8ba1d0675893f3b3d35831a4cbc4cc2f9,unchanged,30 rows
chart_rows_series,ar1:mbu26:gross_ped_revenue:annual,264285af7df5659e8d94216cd1ed6fe1b66eec98d268101b46c3d1b79e641582,264285af7df5659e8d94216cd1ed6fe1b66eec98d268101b46c3d1b79e641582,unchanged,30 rows
chart_rows_series,ar1:mbu26:heavy_ruc_net_km:annual,e476b520b0ead0b350e223a269bb3bf964c87dd05a3198df2da11269604df1ef,e476b520b0ead0b350e223a269bb3bf964c87dd05a3198df2da11269604df1ef,unchanged,30 rows
chart_rows_series,ar1:mbu26:heavy_ruc_net_revenue:annual,44662dff6a6a510fdf220ad03bbc28f15bc39266666942a042f66ad8b7e2bbe9,44662dff6a6a510fdf220ad03bbc28f15bc39266666942a042f66ad8b7e2bbe9,unchanged,30 rows
chart_rows_series,ar1:mbu26:light_bev_ruc_net_km:annual,84dab1a0c242934aed1af265321942a2f317b738a87331ea664eda57accf2a8e,84dab1a0c242934aed1af265321942a2f317b738a87331ea664eda57accf2a8e,unchanged,30 rows
chart_rows_series,ar1:mbu26:light_bev_ruc_net_revenue:annual,e96aebeb7bb739f772e7a0dae9035d18ec6a97e3faa0a498042039606db4b4e8,e96aebeb7bb739f772e7a0dae9035d18ec6a97e3faa0a498042039606db4b4e8,unchanged,30 rows
chart_rows_series,ar1:mbu26:light_ruc_net_km:annual,a841c99bf6675e8568d00431284357e08990aa576bba67c7ade1457f4385a123,a841c99bf6675e8568d00431284357e08990aa576bba67c7ade1457f4385a123,unchanged,30 rows
chart_rows_series,ar1:mbu26:light_ruc_net_revenue:annual,675101f496ff6065de224ee9c4bc4eb075cded3672daf3c28773a6b6b7a127c9,675101f496ff6065de224ee9c4bc4eb075cded3672daf3c28773a6b6b7a127c9,unchanged,30 rows
chart_rows_series,ar1:mbu26:net_fed_revenue:annual,5c784dc68118a6d7656eda5786a87d1b09397cc64e03c1e2377de2e577275655,5c784dc68118a6d7656eda5786a87d1b09397cc64e03c1e2377de2e577275655,unchanged,30 rows
chart_rows_series,ar1:mbu26:net_mvr_revenue:annual,ad8ab321be3a9b33ad8a0238032930235d3c7049d8f75b73a4e641fb5ec83e69,ad8ab321be3a9b33ad8a0238032930235d3c7049d8f75b73a4e641fb5ec83e69,unchanged,30 rows
chart_rows_series,ar1:mbu26:ped_vkt_per_capita:annual,c07331ff9f36a1545ddb38a8493c37cf9c3fdcf8a54f2792c8fd5d69ef24f903,c07331ff9f36a1545ddb38a8493c37cf9c3fdcf8a54f2792c8fd5d69ef24f903,unchanged,30 rows
chart_rows_series,ar1:mbu26:ped_volume:annual,90a0bf01b61cf0b4d017690847fd7de83987d71589b3ffa151d40719b7169824,90a0bf01b61cf0b4d017690847fd7de83987d71589b3ffa151d40719b7169824,unchanged,30 rows
chart_rows_series,ar1:mbu26:phev_ruc_net_km:annual,f03895d146c73c22cdefbcd44075edaff8096e55b7dae61c16c3cb0f5842fba0,f03895d146c73c22cdefbcd44075edaff8096e55b7dae61c16c3cb0f5842fba0,unchanged,30 rows
chart_rows_series,ar1:mbu26:phev_ruc_net_revenue:annual,eab90cd20d5ad0b09e77c40e696de3e13bb5ba3094eb3b2d5c8f42b96ca146e9,eab90cd20d5ad0b09e77c40e696de3e13bb5ba3094eb3b2d5c8f42b96ca146e9,unchanged,30 rows
chart_rows_series,ar1:mbu26:total_fed_ruc_net_revenue:annual,a2e9b2a29d95ab3f8573252197d121b08a01c068e5800a858f415a27037ac90e,a2e9b2a29d95ab3f8573252197d121b08a01c068e5800a858f415a27037ac90e,unchanged,30 rows
chart_rows_series,ar1:mbu26:total_nltf_net_revenue:annual,8825f89ba027734778ef6eead6d1a7b08884d4f7bf36d96c046f4adeab4c8d59,8825f89ba027734778ef6eead6d1a7b08884d4f7bf36d96c046f4adeab4c8d59,unchanged,30 rows
chart_rows_series,ar1:mbu26:total_ruc_net_revenue:annual,27b92a9750c9a5f72e7b8c1f0171326478819f3ed35f52d36222d15ce03cd779,27b92a9750c9a5f72e7b8c1f0171326478819f3ed35f52d36222d15ce03cd779,unchanged,30 rows
chart_rows_series,ensemble:actual:gross_fed_revenue:annual,fe5c5ed2b1c5a6165113012a36c84aae24286fc8750f5713d8125f2fd1dbde06,fe5c5ed2b1c5a6165113012a36c84aae24286fc8750f5713d8125f2fd1dbde06,unchanged,25 rows
chart_rows_series,ensemble:actual:gross_ped_revenue:annual,1014b3be73a5a1980a1b5d2767d53b8da809191a512e2fb1fd312cc0c3dc97c7,1014b3be73a5a1980a1b5d2767d53b8da809191a512e2fb1fd312cc0c3dc97c7,unchanged,25 rows
chart_rows_series,ensemble:actual:heavy_ruc_net_km:annual,586df3be0e16a9845d45ac2a1c53b5016321d0b039f63201e8e77a115467f3d6,586df3be0e16a9845d45ac2a1c53b5016321d0b039f63201e8e77a115467f3d6,unchanged,25 rows
chart_rows_series,ensemble:actual:heavy_ruc_net_revenue:annual,ce8e4eb548f35bae4a3e9eebd0a6ee3f45c6b52b12004a75ed9ea7bd49149333,ce8e4eb548f35bae4a3e9eebd0a6ee3f45c6b52b12004a75ed9ea7bd49149333,unchanged,25 rows
chart_rows_series,ensemble:actual:light_bev_ruc_net_km:annual,10f047b44a4389891d7ee1172421d036a574b63d704474caf76cb1020b135cb8,10f047b44a4389891d7ee1172421d036a574b63d704474caf76cb1020b135cb8,unchanged,25 rows
chart_rows_series,ensemble:actual:light_bev_ruc_net_revenue:annual,bef7ef6b514a1bd1ec4732a5b9810fa10309273647f803ebebe2ac2ca50d82eb,bef7ef6b514a1bd1ec4732a5b9810fa10309273647f803ebebe2ac2ca50d82eb,unchanged,25 rows
chart_rows_series,ensemble:actual:light_ruc_net_km:annual,c62525f18fadc15ade40a0db2eebe5592278c1411d7111e837cda8aad9cce679,c62525f18fadc15ade40a0db2eebe5592278c1411d7111e837cda8aad9cce679,unchanged,25 rows
chart_rows_series,ensemble:actual:light_ruc_net_revenue:annual,47c0b0397a7451b2806d31e85b7c82fe8cc06902d008aa0a3a963b9bc3db99ec,47c0b0397a7451b2806d31e85b7c82fe8cc06902d008aa0a3a963b9bc3db99ec,unchanged,25 rows
chart_rows_series,ensemble:actual:net_fed_revenue:annual,f1361465a01395355bc23dcfff16c4533244a585cb20940f173d02bbdd5a20d9,f1361465a01395355bc23dcfff16c4533244a585cb20940f173d02bbdd5a20d9,unchanged,25 rows
chart_rows_series,ensemble:actual:net_mvr_revenue:annual,9a7129956ef8fe1bea5861be379058d1dff30f88fddb2579209f2bb11daf6777,9a7129956ef8fe1bea5861be379058d1dff30f88fddb2579209f2bb11daf6777,unchanged,25 rows
chart_rows_series,ensemble:actual:ped_vkt_per_capita:annual,11d7d53738df43d7bc2e51f9689424e0dc57b2c00f4f2b2a6c6643551c94b200,11d7d53738df43d7bc2e51f9689424e0dc57b2c00f4f2b2a6c6643551c94b200,unchanged,23 rows
chart_rows_series,ensemble:actual:ped_volume:annual,b1931efd8641e7c64d0fdc43f34117752058017eeb047422e76aa2594af46e4a,b1931efd8641e7c64d0fdc43f34117752058017eeb047422e76aa2594af46e4a,unchanged,25 rows
chart_rows_series,ensemble:actual:phev_ruc_net_km:annual,a44132955b6637e3ced3f36251eb286dc564b4bd3d78f543c21aa596a3e5bc2f,a44132955b6637e3ced3f36251eb286dc564b4bd3d78f543c21aa596a3e5bc2f,unchanged,25 rows
chart_rows_series,ensemble:actual:phev_ruc_net_revenue:annual,5dffab100981dc3f5dd35225178f87f2ffe5df34ce766b7b6ab6993dcfdbb739,5dffab100981dc3f5dd35225178f87f2ffe5df34ce766b7b6ab6993dcfdbb739,unchanged,25 rows
chart_rows_series,ensemble:actual:total_fed_ruc_net_revenue:annual,3025e215ec368d86211ff51ae8eb87b446dc960d2cbdd2eb095f63e44845bef9,3025e215ec368d86211ff51ae8eb87b446dc960d2cbdd2eb095f63e44845bef9,unchanged,25 rows
chart_rows_series,ensemble:actual:total_nltf_net_revenue:annual,9464c2037e5a6d493f352120c13e76aa71cf7975af11f2531912ccb9ce55ff5e,9464c2037e5a6d493f352120c13e76aa71cf7975af11f2531912ccb9ce55ff5e,unchanged,25 rows
chart_rows_series,ensemble:actual:total_ruc_net_revenue:annual,4ddde25a4e2f30297341dad1b93d2e103d9567266e75fd90398f0c5227f09b87,4ddde25a4e2f30297341dad1b93d2e103d9567266e75fd90398f0c5227f09b87,unchanged,25 rows
chart_rows_series,ensemble:befu26:gross_fed_revenue:annual,490f168497b6223ca9940ab1bd218373f62ead77dc24cb47f52920401e23b866,490f168497b6223ca9940ab1bd218373f62ead77dc24cb47f52920401e23b866,unchanged,30 rows
chart_rows_series,ensemble:befu26:gross_ped_revenue:annual,5d2140a160b6fa31a052f26806882b4ad1d7a7fcadc4ade8ff965c37da043be4,5d2140a160b6fa31a052f26806882b4ad1d7a7fcadc4ade8ff965c37da043be4,unchanged,30 rows
chart_rows_series,ensemble:befu26:heavy_ruc_net_km:annual,2146b28c7437e7be7f5abfb59dbd3689a59b6eda77dd846f8c425e5d166518a7,2146b28c7437e7be7f5abfb59dbd3689a59b6eda77dd846f8c425e5d166518a7,unchanged,30 rows
chart_rows_series,ensemble:befu26:heavy_ruc_net_revenue:annual,ca4409fccbd9e32a726370a3aea8d6c0c2dd9667a9e9daf5f5a3ba8daad8510d,ca4409fccbd9e32a726370a3aea8d6c0c2dd9667a9e9daf5f5a3ba8daad8510d,unchanged,30 rows
chart_rows_series,ensemble:befu26:light_bev_ruc_net_km:annual,b79bb9f0ec4e460e8e20cf8f060306367b3e450ca00b48f522d79615d9c26c24,b79bb9f0ec4e460e8e20cf8f060306367b3e450ca00b48f522d79615d9c26c24,unchanged,30 rows
chart_rows_series,ensemble:befu26:light_bev_ruc_net_revenue:annual,441774894fb05cb77693f2ee95eff24b03a8a20f12684024effcddc3263901ec,441774894fb05cb77693f2ee95eff24b03a8a20f12684024effcddc3263901ec,unchanged,30 rows
chart_rows_series,ensemble:befu26:light_ruc_net_km:annual,82f222f3fa5bdc08790a7ecff3f227f39c7d7f14c2854c8107377ba1e9bf95d0,82f222f3fa5bdc08790a7ecff3f227f39c7d7f14c2854c8107377ba1e9bf95d0,unchanged,30 rows
chart_rows_series,ensemble:befu26:light_ruc_net_revenue:annual,680b258556f5bec0482c54d994e6721057a2508f80571081ec9a75288d45e24e,680b258556f5bec0482c54d994e6721057a2508f80571081ec9a75288d45e24e,unchanged,30 rows
chart_rows_series,ensemble:befu26:net_fed_revenue:annual,63678a618bb03597eef4359525f1a0bcc849ab4aadd1e43b263da9fb9f038700,63678a618bb03597eef4359525f1a0bcc849ab4aadd1e43b263da9fb9f038700,unchanged,30 rows
chart_rows_series,ensemble:befu26:net_mvr_revenue:annual,aeb3ea7b9f10f362287f549c79410c435b72dd778cd6daf40d2d50ad4013b37d,aeb3ea7b9f10f362287f549c79410c435b72dd778cd6daf40d2d50ad4013b37d,unchanged,30 rows
chart_rows_series,ensemble:befu26:ped_vkt_per_capita:annual,a45c4b8004b1e4d444c8e6c08b332202f2d516d299b4847af9b3da1142e05518,a45c4b8004b1e4d444c8e6c08b332202f2d516d299b4847af9b3da1142e05518,unchanged,30 rows
chart_rows_series,ensemble:befu26:ped_volume:annual,4192d5ec993308c84df6b7015e48bf99bf9ead41e7be4af7ab817a99a3e6928d,4192d5ec993308c84df6b7015e48bf99bf9ead41e7be4af7ab817a99a3e6928d,unchanged,30 rows
chart_rows_series,ensemble:befu26:phev_ruc_net_km:annual,ccd88e099585399138dbaa5c1ced8950680b38539f2a01468b0ddaad6c0a54ec,ccd88e099585399138dbaa5c1ced8950680b38539f2a01468b0ddaad6c0a54ec,unchanged,30 rows
chart_rows_series,ensemble:befu26:phev_ruc_net_revenue:annual,d2fcedc6bb1b1022fca3f6e491754dcb7ff434f2f6d947cef97e7ac9bcdc95ce,d2fcedc6bb1b1022fca3f6e491754dcb7ff434f2f6d947cef97e7ac9bcdc95ce,unchanged,30 rows
chart_rows_series,ensemble:befu26:total_fed_ruc_net_revenue:annual,23a60db487f2792039f15d1d5ac6d7a9e7d506d54a2fa9c5bbc2d8a406b6101a,23a60db487f2792039f15d1d5ac6d7a9e7d506d54a2fa9c5bbc2d8a406b6101a,unchanged,30 rows
chart_rows_series,ensemble:befu26:total_nltf_net_revenue:annual,65b1825c0219d5204943558ca6399edb68ddf942a8039a293921c6e37e8c325b,65b1825c0219d5204943558ca6399edb68ddf942a8039a293921c6e37e8c325b,unchanged,30 rows
chart_rows_series,ensemble:befu26:total_ruc_net_revenue:annual,e227a5f9fc7285ba3e449b38e59f10235b385a1a898ac2ec0f2d0925291a77b0,e227a5f9fc7285ba3e449b38e59f10235b385a1a898ac2ec0f2d0925291a77b0,unchanged,30 rows
chart_rows_series,ensemble:current_base:gross_fed_revenue:annual,cbebc5bee611c20e33cd725da11e22034e018138bdb36429397096052f4f3bed,cbebc5bee611c20e33cd725da11e22034e018138bdb36429397096052f4f3bed,unchanged,26 rows
chart_rows_series,ensemble:current_base:gross_ped_revenue:annual,244181ab09c4d68341d6fec7293b8ff125e9dd47d8e85ecec9b382075d5b7ded,244181ab09c4d68341d6fec7293b8ff125e9dd47d8e85ecec9b382075d5b7ded,unchanged,26 rows
chart_rows_series,ensemble:current_base:heavy_ruc_net_km:annual,9c7a5e1eefaa9745c3728db2657b7a5f6ce275197d1c6372ba13e75934a88354,9c7a5e1eefaa9745c3728db2657b7a5f6ce275197d1c6372ba13e75934a88354,unchanged,26 rows
chart_rows_series,ensemble:current_base:heavy_ruc_net_revenue:annual,84aeec39f5982ecfdafc301be30e1650400eeac47ef5defa061868e6c04a12b8,84aeec39f5982ecfdafc301be30e1650400eeac47ef5defa061868e6c04a12b8,unchanged,26 rows
chart_rows_series,ensemble:current_base:light_bev_ruc_net_km:annual,73eb710df6560ac2562bf98df6d8c5050f355ed2aad3a8b972eac70ac811d4c4,73eb710df6560ac2562bf98df6d8c5050f355ed2aad3a8b972eac70ac811d4c4,unchanged,26 rows
chart_rows_series,ensemble:current_base:light_bev_ruc_net_revenue:annual,6bf09e51be4fe93027bb3984074ee4f6877943ce6f86ecacdc619d424edfe7ce,6bf09e51be4fe93027bb3984074ee4f6877943ce6f86ecacdc619d424edfe7ce,unchanged,26 rows
chart_rows_series,ensemble:current_base:light_ruc_net_km:annual,518332b8bd3555e392d021b1fff016569c2e71f063cec57a2a2e8813e2ad3da9,518332b8bd3555e392d021b1fff016569c2e71f063cec57a2a2e8813e2ad3da9,unchanged,26 rows
chart_rows_series,ensemble:current_base:light_ruc_net_revenue:annual,6383a9e405b914e985af08ff2c3cc768950cd0f26cce34ad33b776106c249663,6383a9e405b914e985af08ff2c3cc768950cd0f26cce34ad33b776106c249663,unchanged,26 rows
chart_rows_series,ensemble:current_base:net_fed_revenue:annual,bb928bb5313681d362739fdd068699b8a09706c88ddf6d40855cd975d3e53cc3,bb928bb5313681d362739fdd068699b8a09706c88ddf6d40855cd975d3e53cc3,unchanged,26 rows
chart_rows_series,ensemble:current_base:net_mvr_revenue:annual,b9868a5b4fdc95086140d726164b274b5a95144cce02ab3ed408d8af17bf40ea,b9868a5b4fdc95086140d726164b274b5a95144cce02ab3ed408d8af17bf40ea,unchanged,26 rows
chart_rows_series,ensemble:current_base:ped_vkt_per_capita:annual,a69b0a04a9d27555cd4baf083e0eb9e6d55141094f0a8f6ae961d7cc07ab7f7b,a69b0a04a9d27555cd4baf083e0eb9e6d55141094f0a8f6ae961d7cc07ab7f7b,unchanged,26 rows
chart_rows_series,ensemble:current_base:ped_volume:annual,581e353855f219a27a21dfdeda9d8be36a57d8d99b30bb04a98f92d986ffee84,581e353855f219a27a21dfdeda9d8be36a57d8d99b30bb04a98f92d986ffee84,unchanged,26 rows
chart_rows_series,ensemble:current_base:phev_ruc_net_km:annual,2537bd45301a3e3f798a32ebe8f3268a68694e66ffd5fabe786783de6ce4b198,2537bd45301a3e3f798a32ebe8f3268a68694e66ffd5fabe786783de6ce4b198,unchanged,26 rows
chart_rows_series,ensemble:current_base:phev_ruc_net_revenue:annual,21d1bc888396ab35be681ca3e6e041c3ba2a28d10b86aa2ca688991affc08f77,21d1bc888396ab35be681ca3e6e041c3ba2a28d10b86aa2ca688991affc08f77,unchanged,26 rows
chart_rows_series,ensemble:current_base:total_fed_ruc_net_revenue:annual,f6fa8f452ec75af924cdfbcb20081b4d496f7a5a3ab20b5838ea8570597937e5,f6fa8f452ec75af924cdfbcb20081b4d496f7a5a3ab20b5838ea8570597937e5,unchanged,26 rows
chart_rows_series,ensemble:current_base:total_nltf_net_revenue:annual,5c11ed1d4c2469f233daa14cc4460781a349de2475b064386286d4dd9980009f,5c11ed1d4c2469f233daa14cc4460781a349de2475b064386286d4dd9980009f,unchanged,26 rows
chart_rows_series,ensemble:current_base:total_ruc_net_revenue:annual,bc8431eea54ef1889b8c058f5506ac657d3a57483c05f287f62d12bcd83a2144,bc8431eea54ef1889b8c058f5506ac657d3a57483c05f287f62d12bcd83a2144,unchanged,26 rows
chart_rows_series,ensemble:current_conflict:ped_vkt_per_capita:annual,e95af5b870a9297a0049679620e1f9957850e20d7be26fb1040365a89767229c,e95af5b870a9297a0049679620e1f9957850e20d7be26fb1040365a89767229c,unchanged,26 rows
chart_rows_series,ensemble:current_high_pop:gross_fed_revenue:annual,446c642c49345b1da7fd82452de16649b7bad962c7cba8ae00177d68c7b4ced0,446c642c49345b1da7fd82452de16649b7bad962c7cba8ae00177d68c7b4ced0,unchanged,26 rows
chart_rows_series,ensemble:current_high_pop:gross_ped_revenue:annual,eee3fcd4c6c2a7914a75ebb650321535ec8b2e2eee860af5193fc06add3ec3ce,eee3fcd4c6c2a7914a75ebb650321535ec8b2e2eee860af5193fc06add3ec3ce,unchanged,26 rows
chart_rows_series,ensemble:current_high_pop:heavy_ruc_net_km:annual,d9f3121b1d804097571cd8a2509474248c53a22e75095937daeaf3d5273c1e7c,d9f3121b1d804097571cd8a2509474248c53a22e75095937daeaf3d5273c1e7c,unchanged,26 rows
chart_rows_series,ensemble:current_high_pop:heavy_ruc_net_revenue:annual,eb78615f071ec419c6115dea1eeca05dcd2e8704ee56869db71e9137b9a73389,eb78615f071ec419c6115dea1eeca05dcd2e8704ee56869db71e9137b9a73389,unchanged,26 rows
chart_rows_series,ensemble:current_high_pop:light_bev_ruc_net_km:annual,1ed6368abf572531315bf026c6eaf4edf31b7595797ed5d490479bf2b0d06b38,1ed6368abf572531315bf026c6eaf4edf31b7595797ed5d490479bf2b0d06b38,unchanged,26 rows
chart_rows_series,ensemble:current_high_pop:light_bev_ruc_net_revenue:annual,8d9c501e850a7f16118dc4de75a968f1858721e8858f4594e8e1e9d804081395,8d9c501e850a7f16118dc4de75a968f1858721e8858f4594e8e1e9d804081395,unchanged,26 rows
chart_rows_series,ensemble:current_high_pop:light_ruc_net_km:annual,a2c2c93f451e9c11703b2d841b3c971b03e33166ea46eaa50322a147d2865a73,a2c2c93f451e9c11703b2d841b3c971b03e33166ea46eaa50322a147d2865a73,unchanged,26 rows
chart_rows_series,ensemble:current_high_pop:light_ruc_net_revenue:annual,72d9d13a57568b7953f8b61ccaf13ae77c3e9e3c975bd6243f664472c3472226,72d9d13a57568b7953f8b61ccaf13ae77c3e9e3c975bd6243f664472c3472226,unchanged,26 rows
chart_rows_series,ensemble:current_high_pop:net_fed_revenue:annual,b946a7aa969908a1aa26489980710c07b9571630de73c429fb82fec761d5c096,b946a7aa969908a1aa26489980710c07b9571630de73c429fb82fec761d5c096,unchanged,26 rows
chart_rows_series,ensemble:current_high_pop:net_mvr_revenue:annual,cac2268603a58d8991015613848815f5df36387045da920cbe9c0f2c40f43475,cac2268603a58d8991015613848815f5df36387045da920cbe9c0f2c40f43475,unchanged,26 rows
chart_rows_series,ensemble:current_high_pop:ped_volume:annual,05c8875e424eb82c700d83553f5a08943d969dfe5ccd144a0a1744e1ddeec943,05c8875e424eb82c700d83553f5a08943d969dfe5ccd144a0a1744e1ddeec943,unchanged,26 rows
chart_rows_series,ensemble:current_high_pop:phev_ruc_net_km:annual,4329b8dd86e53c3b3ae70d5a4a3223cb5eeec0903d0704a6c58079d0b6d773a2,4329b8dd86e53c3b3ae70d5a4a3223cb5eeec0903d0704a6c58079d0b6d773a2,unchanged,26 rows
chart_rows_series,ensemble:current_high_pop:phev_ruc_net_revenue:annual,af507c97a0e6bc701fdcdba0a7c2f473fea52703b002caedcd00eb7983cd1219,af507c97a0e6bc701fdcdba0a7c2f473fea52703b002caedcd00eb7983cd1219,unchanged,26 rows
chart_rows_series,ensemble:current_high_pop:total_fed_ruc_net_revenue:annual,15eff7e8d27ea8c9b0c1050a056c3b85c9fd48ff6edc93d9c168812b23800068,15eff7e8d27ea8c9b0c1050a056c3b85c9fd48ff6edc93d9c168812b23800068,unchanged,26 rows
chart_rows_series,ensemble:current_high_pop:total_nltf_net_revenue:annual,f0cebfb8f8d380886c4498133d3f1da8b1b039d324b359aaaa5e61fabd080fc3,f0cebfb8f8d380886c4498133d3f1da8b1b039d324b359aaaa5e61fabd080fc3,unchanged,26 rows
chart_rows_series,ensemble:current_high_pop:total_ruc_net_revenue:annual,6bcc9a433278ee4d4262a6f5aac45ce55b0bd1d504032083e07f530e999efc67,6bcc9a433278ee4d4262a6f5aac45ce55b0bd1d504032083e07f530e999efc67,unchanged,26 rows
chart_rows_series,ensemble:mbu26:gross_fed_revenue:annual,1846973b02573b10485c6a8300f275c8ba1d0675893f3b3d35831a4cbc4cc2f9,1846973b02573b10485c6a8300f275c8ba1d0675893f3b3d35831a4cbc4cc2f9,unchanged,30 rows
chart_rows_series,ensemble:mbu26:gross_ped_revenue:annual,264285af7df5659e8d94216cd1ed6fe1b66eec98d268101b46c3d1b79e641582,264285af7df5659e8d94216cd1ed6fe1b66eec98d268101b46c3d1b79e641582,unchanged,30 rows
chart_rows_series,ensemble:mbu26:heavy_ruc_net_km:annual,e476b520b0ead0b350e223a269bb3bf964c87dd05a3198df2da11269604df1ef,e476b520b0ead0b350e223a269bb3bf964c87dd05a3198df2da11269604df1ef,unchanged,30 rows
chart_rows_series,ensemble:mbu26:heavy_ruc_net_revenue:annual,44662dff6a6a510fdf220ad03bbc28f15bc39266666942a042f66ad8b7e2bbe9,44662dff6a6a510fdf220ad03bbc28f15bc39266666942a042f66ad8b7e2bbe9,unchanged,30 rows
chart_rows_series,ensemble:mbu26:light_bev_ruc_net_km:annual,84dab1a0c242934aed1af265321942a2f317b738a87331ea664eda57accf2a8e,84dab1a0c242934aed1af265321942a2f317b738a87331ea664eda57accf2a8e,unchanged,30 rows
chart_rows_series,ensemble:mbu26:light_bev_ruc_net_revenue:annual,e96aebeb7bb739f772e7a0dae9035d18ec6a97e3faa0a498042039606db4b4e8,e96aebeb7bb739f772e7a0dae9035d18ec6a97e3faa0a498042039606db4b4e8,unchanged,30 rows
chart_rows_series,ensemble:mbu26:light_ruc_net_km:annual,a841c99bf6675e8568d00431284357e08990aa576bba67c7ade1457f4385a123,a841c99bf6675e8568d00431284357e08990aa576bba67c7ade1457f4385a123,unchanged,30 rows
chart_rows_series,ensemble:mbu26:light_ruc_net_revenue:annual,675101f496ff6065de224ee9c4bc4eb075cded3672daf3c28773a6b6b7a127c9,675101f496ff6065de224ee9c4bc4eb075cded3672daf3c28773a6b6b7a127c9,unchanged,30 rows
chart_rows_series,ensemble:mbu26:net_fed_revenue:annual,5c784dc68118a6d7656eda5786a87d1b09397cc64e03c1e2377de2e577275655,5c784dc68118a6d7656eda5786a87d1b09397cc64e03c1e2377de2e577275655,unchanged,30 rows
chart_rows_series,ensemble:mbu26:net_mvr_revenue:annual,ad8ab321be3a9b33ad8a0238032930235d3c7049d8f75b73a4e641fb5ec83e69,ad8ab321be3a9b33ad8a0238032930235d3c7049d8f75b73a4e641fb5ec83e69,unchanged,30 rows
chart_rows_series,ensemble:mbu26:ped_vkt_per_capita:annual,c07331ff9f36a1545ddb38a8493c37cf9c3fdcf8a54f2792c8fd5d69ef24f903,c07331ff9f36a1545ddb38a8493c37cf9c3fdcf8a54f2792c8fd5d69ef24f903,unchanged,30 rows
chart_rows_series,ensemble:mbu26:ped_volume:annual,90a0bf01b61cf0b4d017690847fd7de83987d71589b3ffa151d40719b7169824,90a0bf01b61cf0b4d017690847fd7de83987d71589b3ffa151d40719b7169824,unchanged,30 rows
chart_rows_series,ensemble:mbu26:phev_ruc_net_km:annual,f03895d146c73c22cdefbcd44075edaff8096e55b7dae61c16c3cb0f5842fba0,f03895d146c73c22cdefbcd44075edaff8096e55b7dae61c16c3cb0f5842fba0,unchanged,30 rows
chart_rows_series,ensemble:mbu26:phev_ruc_net_revenue:annual,eab90cd20d5ad0b09e77c40e696de3e13bb5ba3094eb3b2d5c8f42b96ca146e9,eab90cd20d5ad0b09e77c40e696de3e13bb5ba3094eb3b2d5c8f42b96ca146e9,unchanged,30 rows
chart_rows_series,ensemble:mbu26:total_fed_ruc_net_revenue:annual,a2e9b2a29d95ab3f8573252197d121b08a01c068e5800a858f415a27037ac90e,a2e9b2a29d95ab3f8573252197d121b08a01c068e5800a858f415a27037ac90e,unchanged,30 rows
chart_rows_series,ensemble:mbu26:total_nltf_net_revenue:annual,8825f89ba027734778ef6eead6d1a7b08884d4f7bf36d96c046f4adeab4c8d59,8825f89ba027734778ef6eead6d1a7b08884d4f7bf36d96c046f4adeab4c8d59,unchanged,30 rows
chart_rows_series,ensemble:mbu26:total_ruc_net_revenue:annual,27b92a9750c9a5f72e7b8c1f0171326478819f3ed35f52d36222d15ce03cd779,27b92a9750c9a5f72e7b8c1f0171326478819f3ed35f52d36222d15ce03cd779,unchanged,30 rows
chart_rows,ar1:actual:annual,e0e4f84928e6d505d300b80f6fcb6d0427ff5cc313bf2bd6f9fed846bd36ac47,e0e4f84928e6d505d300b80f6fcb6d0427ff5cc313bf2bd6f9fed846bd36ac47,unchanged,423 rows
chart_rows,ar1:actual:quarterly,91203f7c21be974427a544256ac84865abdf12d6838b1deb2a53d454eab2ec40,91203f7c21be974427a544256ac84865abdf12d6838b1deb2a53d454eab2ec40,unchanged,230 rows
chart_rows,ar1:all_rows,968d37609049ebdcef7e9892abf5bb5b23139c3250ec921e36dbc8ca6f6e48c4,968d37609049ebdcef7e9892abf5bb5b23139c3250ec921e36dbc8ca6f6e48c4,unchanged,2673 rows
chart_rows,ar1:befu26:annual,3dfd1d488b01d9f113c6e33955682b274b194d04503c1e4f2efb1fbc2d349135,3dfd1d488b01d9f113c6e33955682b274b194d04503c1e4f2efb1fbc2d349135,unchanged,510 rows
chart_rows,ar1:befu26:quarterly,EMPTY,EMPTY,unchanged,0 rows
chart_rows,ar1:current_base:annual,e87599b83fb2c7a5b615246e67b9df86af2425b9d9cbc77b9126b81d72955927,e87599b83fb2c7a5b615246e67b9df86af2425b9d9cbc77b9126b81d72955927,unchanged,442 rows
chart_rows,ar1:current_base:quarterly,8b6ae819e7505cd3421f14452be17d041eea5232de9ca60f06d99d2e03a18236,8b6ae819e7505cd3421f14452be17d041eea5232de9ca60f06d99d2e03a18236,unchanged,58 rows
chart_rows,ar1:current_conflict:annual,eaa65b52aade6d7d6cfbfa7a08c8511a4d47b11a958d9573efc93f56ad704957,eaa65b52aade6d7d6cfbfa7a08c8511a4d47b11a958d9573efc93f56ad704957,unchanged,26 rows
chart_rows,ar1:current_conflict:quarterly,955ea77b9dc86b64a1030da2dc00b85b16b2f4d51fb564fbbdfeee05dd10dbfe,955ea77b9dc86b64a1030da2dc00b85b16b2f4d51fb564fbbdfeee05dd10dbfe,unchanged,20 rows
chart_rows,ar1:current_high_pop:annual,4ab9cff4d90fd28ea8b7245609a0f44c0fa1838c3dd9f4c2c6535999aa74d717,4ab9cff4d90fd28ea8b7245609a0f44c0fa1838c3dd9f4c2c6535999aa74d717,unchanged,416 rows
chart_rows,ar1:current_high_pop:quarterly,27ab8cb1c4e79efb728d2f616598c0994e51c0c3ca7f9a53ec7b8be26fa10d76,27ab8cb1c4e79efb728d2f616598c0994e51c0c3ca7f9a53ec7b8be26fa10d76,unchanged,38 rows
chart_rows,ar1:mbu26:annual,9cbb42dc220cff76f984aeef652e1c2e02b7bdc96c8cb37485344fce7a743216,9cbb42dc220cff76f984aeef652e1c2e02b7bdc96c8cb37485344fce7a743216,unchanged,510 rows
chart_rows,ar1:mbu26:quarterly,EMPTY,EMPTY,unchanged,0 rows
chart_rows,ensemble:actual:annual,e0e4f84928e6d505d300b80f6fcb6d0427ff5cc313bf2bd6f9fed846bd36ac47,e0e4f84928e6d505d300b80f6fcb6d0427ff5cc313bf2bd6f9fed846bd36ac47,unchanged,423 rows
chart_rows,ensemble:actual:quarterly,91203f7c21be974427a544256ac84865abdf12d6838b1deb2a53d454eab2ec40,91203f7c21be974427a544256ac84865abdf12d6838b1deb2a53d454eab2ec40,unchanged,230 rows
chart_rows,ensemble:all_rows,174f8327d923f4d032949865e5cfc8b4e3b7cd5f842ebebdb374197819abb2c8,174f8327d923f4d032949865e5cfc8b4e3b7cd5f842ebebdb374197819abb2c8,unchanged,2673 rows
chart_rows,ensemble:befu26:annual,3dfd1d488b01d9f113c6e33955682b274b194d04503c1e4f2efb1fbc2d349135,3dfd1d488b01d9f113c6e33955682b274b194d04503c1e4f2efb1fbc2d349135,unchanged,510 rows
chart_rows,ensemble:befu26:quarterly,EMPTY,EMPTY,unchanged,0 rows
chart_rows,ensemble:current_base:annual,c53bb02f012c3512d24c067c8d42fe236eae34c2820c508bbeeb8c33cc537d49,c53bb02f012c3512d24c067c8d42fe236eae34c2820c508bbeeb8c33cc537d49,unchanged,442 rows
chart_rows,ensemble:current_base:quarterly,e7069d3bd0563ef58786d23e3d29ff38f433ada59020c991164cf8ba391a02f0,e7069d3bd0563ef58786d23e3d29ff38f433ada59020c991164cf8ba391a02f0,unchanged,58 rows
chart_rows,ensemble:current_conflict:annual,e95af5b870a9297a0049679620e1f9957850e20d7be26fb1040365a89767229c,e95af5b870a9297a0049679620e1f9957850e20d7be26fb1040365a89767229c,unchanged,26 rows
chart_rows,ensemble:current_conflict:quarterly,3e0b103f00477d17e552838f173cdcb46354860348ad0fcd49ca70c9949c12b4,3e0b103f00477d17e552838f173cdcb46354860348ad0fcd49ca70c9949c12b4,unchanged,20 rows
chart_rows,ensemble:current_high_pop:annual,e7fd43ee01f7d3ace5f7f517cd09832fc81bfc236834502a8b366fbcf455393e,e7fd43ee01f7d3ace5f7f517cd09832fc81bfc236834502a8b366fbcf455393e,unchanged,416 rows
chart_rows,ensemble:current_high_pop:quarterly,27ab8cb1c4e79efb728d2f616598c0994e51c0c3ca7f9a53ec7b8be26fa10d76,27ab8cb1c4e79efb728d2f616598c0994e51c0c3ca7f9a53ec7b8be26fa10d76,unchanged,38 rows
chart_rows,ensemble:mbu26:annual,9cbb42dc220cff76f984aeef652e1c2e02b7bdc96c8cb37485344fce7a743216,9cbb42dc220cff76f984aeef652e1c2e02b7bdc96c8cb37485344fce7a743216,unchanged,510 rows
chart_rows,ensemble:mbu26:quarterly,EMPTY,EMPTY,unchanged,0 rows
fitted_state,_ui_contract,NO_MANIFEST,NO_MANIFEST,unchanged,0 manifests
fitted_state,heavy_ruc,6136c7dc7f6d90f7895a306a4943b2b93d5d5249a00acc76b5c4a557834dc607,6136c7dc7f6d90f7895a306a4943b2b93d5d5249a00acc76b5c4a557834dc607,unchanged,2 manifests
fitted_state,heavy_ruc_vnext,b6b27b888ed36d52704daec8a5ae6d34ea00286c1d46643fcd3e81ed9f9e9755,b6b27b888ed36d52704daec8a5ae6d34ea00286c1d46643fcd3e81ed9f9e9755,unchanged,3 manifests
fitted_state,light_ruc,3a9d76d03c9382f07de164c19ae49d7a43eb400b2ba0094d449fc07d68550b6c,3a9d76d03c9382f07de164c19ae49d7a43eb400b2ba0094d449fc07d68550b6c,unchanged,1 manifests
fitted_state,light_ruc_vnext,afc09dd7f4faa7c55abe29c7991b2acd3fe3d5127b55103a4b29d9a69042f57a,afc09dd7f4faa7c55abe29c7991b2acd3fe3d5127b55103a4b29d9a69042f57a,unchanged,1 manifests
fitted_state,ped,e93557f8d27684126f87de0a80725af24c84b70d0eead97fde91443e43ef5e20,e93557f8d27684126f87de0a80725af24c84b70d0eead97fde91443e43ef5e20,unchanged,1 manifests
fitted_state,ped_ar1,e31633e75f57ef38fceb3a371a63ecc4457cb1fbe52a4198051f35b173a499e8,e31633e75f57ef38fceb3a371a63ecc4457cb1fbe52a4198051f35b173a499e8,unchanged,1 manifests
fitted_state,ped_inner_hpo,e556a62d47ef8ae80b917fe8107206dbc85efae3e2e4743ae88820943e3f6746,e556a62d47ef8ae80b917fe8107206dbc85efae3e2e4743ae88820943e3f6746,unchanged,2 manifests
fitted_state,ped_vnext,55adc33387ead5e4466353952d8a2fa09acbffff74ebd9a687bb39aba948821f,55adc33387ead5e4466353952d8a2fa09acbffff74ebd9a687bb39aba948821f,unchanged,3 manifests
governance,q1_2026_metadata,353dbbb64a972e1fc726ed78bf03069fb5719dfd1fc720efbab77fd8ad452fda,353dbbb64a972e1fc726ed78bf03069fb5719dfd1fc720efbab77fd8ad452fda,unchanged,
pack_frame,ar1:fan_availability,9a526bc7307d4b35b07607acd6efbcb0c0aac66c63143b3fb610e47309de15a3,9a526bc7307d4b35b07607acd6efbcb0c0aac66c63143b3fb610e47309de15a3,unchanged,
pack_frame,ar1:fan_band_rows,54b45550827238b04ea006c9c75b53bee8ef576ba660b08dab45343c694c2999,54b45550827238b04ea006c9c75b53bee8ef576ba660b08dab45343c694c2999,unchanged,
pack_frame,ar1:ped_revenue_bridge_audit,67249260408cc9a56e936138ddfaf97eca6e80d6ef592cbecdd1ce22c70be0d5,67249260408cc9a56e936138ddfaf97eca6e80d6ef592cbecdd1ce22c70be0d5,unchanged,
pack_frame,ar1:revenue_formula_residuals,2b830b03d59776da66d25c0fa9504d3c5490828ca2f17584ab43f6937f3096d5,2b830b03d59776da66d25c0fa9504d3c5490828ca2f17584ab43f6937f3096d5,unchanged,
pack_frame,ar1:revenue_line_reconciliation,c6e2e797a62e8e230793964c89c4041f06223299237a787bfa91f0c344d11184,c6e2e797a62e8e230793964c89c4041f06223299237a787bfa91f0c344d11184,unchanged,
pack_frame,ar1:revenue_stack_components,938ad6c4120775b1c5ba9f23512901d111159abc73c725d6719ea21b42afdb25,938ad6c4120775b1c5ba9f23512901d111159abc73c725d6719ea21b42afdb25,unchanged,
pack_frame,ensemble:fan_availability,a7b968fa674f185d1c0e75ff9411a87b3d2a633ae8a68865d609b80c4ce632fc,a7b968fa674f185d1c0e75ff9411a87b3d2a633ae8a68865d609b80c4ce632fc,unchanged,
pack_frame,ensemble:fan_band_rows,05a8f437eb31d80ae8e617c00c3e92cba2a356c4c2f8296e894da0ff57a847c4,05a8f437eb31d80ae8e617c00c3e92cba2a356c4c2f8296e894da0ff57a847c4,unchanged,
pack_frame,ensemble:ped_revenue_bridge_audit,767251546d5ec6c1ef81e7ed8817d470d7d7ad8f7a923f3f14c7f27598199cf4,767251546d5ec6c1ef81e7ed8817d470d7d7ad8f7a923f3f14c7f27598199cf4,unchanged,
pack_frame,ensemble:revenue_formula_residuals,fd89889577e2fae24ed3d76285af9945f29ee0a1cb581ced712586f47d9fee11,fd89889577e2fae24ed3d76285af9945f29ee0a1cb581ced712586f47d9fee11,unchanged,
pack_frame,ensemble:revenue_line_reconciliation,537fe88ca686a88686301f48abc121a6bdfcaabe78fb337d7cfe9bee421422be,537fe88ca686a88686301f48abc121a6bdfcaabe78fb337d7cfe9bee421422be,unchanged,
pack_frame,ensemble:revenue_stack_components,6c2695e67d03b0cb15fc1a3338d706720cf4ba91e1ddb8bcd56b5b329fdbf635,6c2695e67d03b0cb15fc1a3338d706720cf4ba91e1ddb8bcd56b5b329fdbf635,unchanged,
replay_cache,ar1:manifest.json,607de3b110aedbdd2087c34afc87ebc16aa1ed4b123f59c68d8b6abed9a71b03,f548ffe174541ae27893194c6270965c824126558e8d115aecbab0d851726023,CHANGED,
replay_cache,ar1:output_hashes,52c1a5ce9ec4ec5940c5c5da1250d9e37e4664bb6c39b63ffcd0caf194ceb2b1,52c1a5ce9ec4ec5940c5c5da1250d9e37e4664bb6c39b63ffcd0caf194ceb2b1,unchanged,"35 frames, 90882 rows"
replay_cache,ar1:source_digest,df14ab6f41773adc67a6d80f44ad2ef440cbde70fa02b8a32bf2d9bfe5816e3d,e7b8dbc793f76dc823dc0a7789fb61c2b9d01779d3e311ae817ce9586222c8d2,CHANGED,
replay_cache,ensemble:manifest.json,f6732bcb3fb096d6528c715047edccb15ffcac7b0d952fac21d116ce3a3eb27d,5734bfceccdb5e90495463f9a9e01e089ec1832de7e92e6fa7dfe9eb66c56885,CHANGED,
replay_cache,ensemble:output_hashes,b8cd47b41191cfbed15916f06d45317b261c25ce67b2f08fee8fe9b8f82125be,b8cd47b41191cfbed15916f06d45317b261c25ce67b2f08fee8fe9b8f82125be,unchanged,"35 frames, 93782 rows"
replay_cache,ensemble:source_digest,dcca08e832bc030219ca5d4c1ea833d7263c41917760fc6475318ecf9926a724,a988cc0e8caebcdf85aa7b7612000ec4e70800071e83af2b9c3b84eaba573c31,CHANGED,
revenue_outlook_pack,ar1:all_parquet_bytes,cc2fb9bc85a5c27f4a2c3ef1bfd603c2159638367b7a265b0440c2326dd631f2,cc2fb9bc85a5c27f4a2c3ef1bfd603c2159638367b7a265b0440c2326dd631f2,unchanged,37 files
revenue_outlook_pack,ar1:manifest.json,6fc8295b9245abf3ed622be762d411994b37ac2610b8685b53ceacfc64d9c272,6fc8295b9245abf3ed622be762d411994b37ac2610b8685b53ceacfc64d9c272,unchanged,
revenue_outlook_pack,ensemble:all_parquet_bytes,3814ed773a8f612fa7612b7823cc01f3222684b43197aba78907ab265573c862,3814ed773a8f612fa7612b7823cc01f3222684b43197aba78907ab265573c862,unchanged,37 files
revenue_outlook_pack,ensemble:manifest.json,072598d1557c7fbce56645817cdff03e3baccc48453bf0d639394a3368f7b04d,072598d1557c7fbce56645817cdff03e3baccc48453bf0d639394a3368f7b04d,unchanged,
scenario_key,documented_default_digest,c5f84f48b2975e0f4c117c8a1ffcbe9f2cb90b45a424b34eb400459afe095633,c5f84f48b2975e0f4c117c8a1ffcbe9f2cb90b45a424b34eb400459afe095633,unchanged,
scenario_key,empty_key_digest,5254bdfd3b5e42d1411e4567dd45914d13fc963fd2db812a10ded8f212c12cf9,5254bdfd3b5e42d1411e4567dd45914d13fc963fd2db812a10ded8f212c12cf9,unchanged,
uncertainty_pack,june_year_basis.parquet,3c12c24ebafd05de9c0375b9adbd909530238aa4874152dc25679be54a17ef2a,3c12c24ebafd05de9c0375b9adbd909530238aa4874152dc25679be54a17ef2a,unchanged,
uncertainty_pack,manifest.json,eb7243f5ff392d80ffdd011366e5482a2af84d1769f0c50b01dad09282f5ee81,eb7243f5ff392d80ffdd011366e5482a2af84d1769f0c50b01dad09282f5ee81,unchanged,
uncertainty_pack,uncertainty_band_rows.parquet,be8a0d9ac68666130d0f3d68e84abf209a3b38f58c5e4227e5fde06d91c1f7f0,be8a0d9ac68666130d0f3d68e84abf209a3b38f58c5e4227e5fde06d91c1f7f0,unchanged,
uncertainty_rows,all,abb367aee25f5d1f6e5c5f8bf9bfd4f5ccc541d805efbdc715c7e75a71a0af0c,abb367aee25f5d1f6e5c5f8bf9bfd4f5ccc541d805efbdc715c7e75a71a0af0c,unchanged,1000 rows
uncertainty_rows,series:coo_revenue,5a9e51c25cc330d68037f786edd5e226ac00a29ecab4a609db4a983c89c7280a,5a9e51c25cc330d68037f786edd5e226ac00a29ecab4a609db4a983c89c7280a,unchanged,25 rows
uncertainty_rows,series:current_light_ruc_conventional_modelled_km,800f716d4e294a5bd9a7cafcbfbac3659a91d16269e30ca83c8aa4c292ed3888,800f716d4e294a5bd9a7cafcbfbac3659a91d16269e30ca83c8aa4c292ed3888,unchanged,25 rows
uncertainty_rows,series:fed_refunds,c11076d5ac6b7049b0b226df3ce20bf4949bc278ec328a4758ae544b78985cda,c11076d5ac6b7049b0b226df3ce20bf4949bc278ec328a4758ae544b78985cda,unchanged,25 rows
uncertainty_rows,series:gross_cng_revenue,a2b594876abf40eae62a72a279d806fbd8673f4185dee4b2efb906467a8ef8f1,a2b594876abf40eae62a72a279d806fbd8673f4185dee4b2efb906467a8ef8f1,unchanged,25 rows
uncertainty_rows,series:gross_fed_revenue,48d2eddc0ce03426ccb61b49eabb35472206f88f506481983c86f3c879979d52,48d2eddc0ce03426ccb61b49eabb35472206f88f506481983c86f3c879979d52,unchanged,25 rows
uncertainty_rows,series:gross_lpg_revenue,d855f2aea7a0162c31249b49e9edeeeb0a8ca035e5588fe348c7533289e4dd79,d855f2aea7a0162c31249b49e9edeeeb0a8ca035e5588fe348c7533289e4dd79,unchanged,25 rows
uncertainty_rows,series:gross_mvr_revenue,65c717cd88e356ee94c432cd74e19190ddf5dd9db5fdd68f456b57298f896b05,65c717cd88e356ee94c432cd74e19190ddf5dd9db5fdd68f456b57298f896b05,unchanged,25 rows
uncertainty_rows,series:gross_ped_revenue,959c80874ced282c9bb5c2d51779d1d987f2656a51e8d8a663cd67121a0f6772,959c80874ced282c9bb5c2d51779d1d987f2656a51e8d8a663cd67121a0f6772,unchanged,25 rows
uncertainty_rows,series:gross_ruc_revenue,fcd70f2d46d9a1c595aa81c7fee1f2acc6eb5dbf4b07c760df0a66dc6e0e3726,fcd70f2d46d9a1c595aa81c7fee1f2acc6eb5dbf4b07c760df0a66dc6e0e3726,unchanged,25 rows
uncertainty_rows,series:heavy_bev_ruc_net_km,6345d5de91a9a3cc74265ae18cc39a5a40898314a6033fd2ee43037000943c92,6345d5de91a9a3cc74265ae18cc39a5a40898314a6033fd2ee43037000943c92,unchanged,25 rows
uncertainty_rows,series:heavy_bev_ruc_net_revenue,4499dbd46dd5c6ba8e0340e32832f41605a4e9bd55976fe7297da00f7bf94319,4499dbd46dd5c6ba8e0340e32832f41605a4e9bd55976fe7297da00f7bf94319,unchanged,25 rows
uncertainty_rows,series:heavy_ruc_net_km,a005eb87391c14bddb0a3185565a12205f7c63ddaf8c8b823eecb405e6d89994,a005eb87391c14bddb0a3185565a12205f7c63ddaf8c8b823eecb405e6d89994,unchanged,25 rows
uncertainty_rows,series:heavy_ruc_net_revenue,d716488473513e1fb7dde8777fec1d24c0c58f8c5eb6c17c90e23be927dbc996,d716488473513e1fb7dde8777fec1d24c0c58f8c5eb6c17c90e23be927dbc996,unchanged,25 rows
uncertainty_rows,series:light_bev_ruc_net_km,3293793b817cc8f195c3a50d01611b213822f654df1094ba7015877a7e174b94,3293793b817cc8f195c3a50d01611b213822f654df1094ba7015877a7e174b94,unchanged,25 rows
uncertainty_rows,series:light_bev_ruc_net_revenue,3b8ecaf752cec65445b5a98c5e4b44e8cc34a202199d7c0931c23c700db140ca,3b8ecaf752cec65445b5a98c5e4b44e8cc34a202199d7c0931c23c700db140ca,unchanged,25 rows
uncertainty_rows,series:light_petrol_vkt,e466cf8ea408c3418ab062000d174f4e848752d4a796659ecccdcb23e56cad60,e466cf8ea408c3418ab062000d174f4e848752d4a796659ecccdcb23e56cad60,unchanged,25 rows
uncertainty_rows,series:light_ruc_net_km,7688bc6d2d3f579ba563a3b724ea2b108096c6d841735532be5cd1e9ca48ab61,7688bc6d2d3f579ba563a3b724ea2b108096c6d841735532be5cd1e9ca48ab61,unchanged,25 rows
uncertainty_rows,series:light_ruc_net_revenue,cf532ac882d182455e711cb7445ecab55ce13489f5b4259680b79405a83c343a,cf532ac882d182455e711cb7445ecab55ce13489f5b4259680b79405a83c343a,unchanged,25 rows
uncertainty_rows,series:mr1_revenue,eeb172fc30c15ee28088e8ed94cacda59f164fac0c3dcedab9f4fdcaf3773a15,eeb172fc30c15ee28088e8ed94cacda59f164fac0c3dcedab9f4fdcaf3773a15,unchanged,25 rows
uncertainty_rows,series:mr2_revenue,ea054503d394c88af4ec8edd18560c6e4455f419f88ca11ceea41d4d8e61451f,ea054503d394c88af4ec8edd18560c6e4455f419f88ca11ceea41d4d8e61451f,unchanged,25 rows
uncertainty_rows,series:mvr_admin_revenue,da107de8e58e620253733116147ff8d3ab9649bc668ead7291ffaadf02ee0b2b,da107de8e58e620253733116147ff8d3ab9649bc668ead7291ffaadf02ee0b2b,unchanged,25 rows
uncertainty_rows,series:mvr_refunds,6ea7a14ca4b9534dbbe0d1dd5fece5eb89b9b25ba8b7eb2ff18ac7dd8fc86e3a,6ea7a14ca4b9534dbbe0d1dd5fece5eb89b9b25ba8b7eb2ff18ac7dd8fc86e3a,unchanged,25 rows
uncertainty_rows,series:mvr_revenue_net_admin_coo,dcc09ea00e48a648f1710cdd2f8cb68d4e5358fa693f3e9ac77efe5eeb71837d,dcc09ea00e48a648f1710cdd2f8cb68d4e5358fa693f3e9ac77efe5eeb71837d,unchanged,25 rows
uncertainty_rows,series:net_fed_revenue,16a958aeae2f32829f4343507598064543ca8d07b6f1c1ceeae3828238ce28b5,16a958aeae2f32829f4343507598064543ca8d07b6f1c1ceeae3828238ce28b5,unchanged,25 rows
uncertainty_rows,series:net_mvr_revenue,b6eca024ea3e1a6c13955150e93ae47d25915b1ebe5a73366641f4da93c9df37,b6eca024ea3e1a6c13955150e93ae47d25915b1ebe5a73366641f4da93c9df37,unchanged,25 rows
uncertainty_rows,series:ped_vkt_per_capita,15b78038264f04b684d027b617c5f131cd141b289028560f06f1234f421c7211,15b78038264f04b684d027b617c5f131cd141b289028560f06f1234f421c7211,unchanged,25 rows
uncertainty_rows,series:ped_volume,6abbab5b7acd6af5a4b4fff597e2e2f017b3f3f37ac48243cc5c0668add701de,6abbab5b7acd6af5a4b4fff597e2e2f017b3f3f37ac48243cc5c0668add701de,unchanged,25 rows
uncertainty_rows,series:phev_ruc_net_km,c65f835d227c35b385830312142b7be1fc7a0e9606ac72238c3f1f219e377fbf,c65f835d227c35b385830312142b7be1fc7a0e9606ac72238c3f1f219e377fbf,unchanged,25 rows
uncertainty_rows,series:phev_ruc_net_revenue,152d286493a5e3682db7fbe0b9936c86b98655220096402df12350809704b1b0,152d286493a5e3682db7fbe0b9936c86b98655220096402df12350809704b1b0,unchanged,25 rows
uncertainty_rows,series:ruc_admin_revenue,0cfd983bc8e50e550c09fa566dd9bc9da45273e242e9593405d40e1f1a7ce55f,0cfd983bc8e50e550c09fa566dd9bc9da45273e242e9593405d40e1f1a7ce55f,unchanged,25 rows
uncertainty_rows,series:ruc_refunds,f3979368f84c064232f9e54d1d86286952df5f24b9473216082f49ba2833746a,f3979368f84c064232f9e54d1d86286952df5f24b9473216082f49ba2833746a,unchanged,25 rows
uncertainty_rows,series:ruc_revenue_net_admin,277510c74a13ff9beb9c731d3636d2ec32fb412451d0b2c33e3520890b5b6189,277510c74a13ff9beb9c731d3636d2ec32fb412451d0b2c33e3520890b5b6189,unchanged,25 rows
uncertainty_rows,series:total_admin_fees,da17498d2d2ac42b4ca9acaa43c53cbec93e0b2d5581685d1420e0759099b30a,da17498d2d2ac42b4ca9acaa43c53cbec93e0b2d5581685d1420e0759099b30a,unchanged,25 rows
uncertainty_rows,series:total_fed_ruc_net_revenue,dedbad2f4c5e5bae5b3e286e64093625a8022c06db60eb49f2f3cf739da25ca1,dedbad2f4c5e5bae5b3e286e64093625a8022c06db60eb49f2f3cf739da25ca1,unchanged,25 rows
uncertainty_rows,series:total_gross_revenue,e320be8a7d453981cf453494d0856ac8043a7d737cf319116c16ff42525761f0,e320be8a7d453981cf453494d0856ac8043a7d737cf319116c16ff42525761f0,unchanged,25 rows
uncertainty_rows,series:total_nltf_net_revenue,9ad17e54f2468be90ed9ba7a5490d71bb445a777d9b51abd6d49443a5d7235db,9ad17e54f2468be90ed9ba7a5490d71bb445a777d9b51abd6d49443a5d7235db,unchanged,25 rows
uncertainty_rows,series:total_refunds,f0019b4b2744c71f42c0c74ed9fae1d4f136e48dcbebbca0b319c7e711576013,f0019b4b2744c71f42c0c74ed9fae1d4f136e48dcbebbca0b319c7e711576013,unchanged,25 rows
uncertainty_rows,series:total_revenue_net_admin,dfafdecfc5c34b37016a6cd7b727f9493e4e3c0f2fd081d43a8b67d5bf36a02a,dfafdecfc5c34b37016a6cd7b727f9493e4e3c0f2fd081d43a8b67d5bf36a02a,unchanged,25 rows
uncertainty_rows,series:total_ruc_net_revenue,1158d69a0a12baa4771eba6ceae5d0e0cbfd728c880bebef131ccb529d69bbcb,1158d69a0a12baa4771eba6ceae5d0e0cbfd728c880bebef131ccb529d69bbcb,unchanged,25 rows
uncertainty_rows,series:tuc_net_revenue,da137c9a87a59cfdd168c2c676f6104c79a28c4e443dde7f9e686e4f5e083450,da137c9a87a59cfdd168c2c676f6104c79a28c4e443dde7f9e686e4f5e083450,unchanged,25 rows
